date_price,open,high,low,close,volume,rs_14,rsi_14
2013-08-07,0.00587384,0.00587384,0.00448605,0.00448605,0.0,,
2013-08-11,0.00419553,0.00437208,0.00419553,0.00437208,0.0,0.0,0.0
2013-08-15,0.00439693,0.00439693,0.00332756,0.00332756,0.0,0.0,0.0
2013-08-19,0.0029013,0.00619764,0.0029013,0.00555976,0.0,2.0897198113310735,67.63460569037187
2013-08-23,0.00606081,0.00633807,0.0051352,0.0051352,0.0,1.4633539308687622,59.404940253659554
2013-08-27,0.00552798,0.0064659,0.00552798,0.00641998,0.0,2.4401736290228557,70.93169973853793
2013-08-31,0.00634881,0.00634881,0.00582002,0.00586333,0.0,1.6761999918245953,62.63358481971244
2013-09-03,0.00580064,0.00580064,0.00562712,0.00567312,0.0,1.5030341220219423,60.0484871060326
2013-09-07,0.005577,0.006188,0.005577,0.006188,0.0,1.8041917200845314,64.33910018214249
2013-09-11,0.00614238,0.00618881,0.00585396,0.00608146,0.0,1.6907275336876468,62.835330315682384
2013-09-15,0.00642623,0.0065889,0.00634135,0.0064294,0.0,1.9119109022679563,65.65828991466927
2013-09-19,0.00704318,0.0111217,0.00704318,0.0111217,0.0,5.124229136944014,83.6714143504598
2013-09-23,0.0101137,0.0104008,0.00974518,0.0100193,0.0,2.826771873326472,73.86831425802404
2013-09-27,0.010433,0.011676,0.010433,0.011676,,3.5523902134119414,78.03351749035335
2013-09-30,0.0143469,0.0143469,0.0110409,0.0110409,0.0,2.7335223840256235,73.21564203609347
2013-10-03,0.0119368,0.0119368,0.00840092,0.00840092,0.0,1.345305582656131,57.361633068409404
2013-10-07,0.00946689,0.0103753,0.0092795,0.00933073,0.0,1.537930702099598,60.59782092660321
2013-10-11,0.00971878,0.010089,0.00906698,0.00906698,0.0,1.452463202504264,59.224668530036325
2013-10-15,0.00891616,0.00891616,0.00798699,0.00798699,0.0,1.166578906107428,53.84428431472895
2013-10-19,0.00758473,0.00776709,0.00729291,0.00729291,0.0,1.0267138959646747,50.65904457501042
2013-10-23,0.00753032,0.00753032,0.00674171,0.0074298,0.0,1.052178787950404,51.271302194934904
2013-10-27,0.00872816,0.00872816,0.00630711,0.00664484,0.0,0.9092028047985077,47.62211759344564
2013-10-31,0.0063276,0.0063276,0.00593466,0.00599734,0.0,0.8112724743170424,44.790195060129776
2013-11-03,0.00618308,0.00715258,0.00618308,0.00715258,0.0,1.0182263584864628,50.4515439611078
2013-11-07,0.00719038,0.00889267,0.0069937,0.00889267,0.0,1.3539313189116784,57.51787692504376
2013-11-11,0.0105597,0.0105597,0.00837478,0.00837478,0.0,1.222402072062529,55.00364166453746
2013-11-15,0.00892624,0.0105099,0.00892624,0.0096295,0.0,1.475868052490494,59.61012546714302
2013-11-19,0.00998194,0.0109638,0.0082943,0.0082943,0.0,1.143665547809534,53.35093195756064
2013-11-23,0.00728586,0.00995799,0.00728586,0.00995799,0.0,1.4457067127188612,59.112022925745144
2013-11-27,0.0134786,0.0234877,0.0134786,0.0234877,0.0,4.090957800546112,80.3573307975028
2013-11-30,0.0297636,0.0357765,0.0297636,0.0357765,0.0,6.678411417314641,86.97647279299176
2013-12-03,0.052731,0.057516,0.0491969,0.0491969,0.0,9.721490514095231,90.67293863026481
2013-12-07,0.054397,0.054397,0.0346756,0.0346756,0.0,2.1384742526628444,68.13738398039914
2013-12-11,0.034439,0.0437476,0.034439,0.0380613,0.0,2.334330211687555,70.00896922282077
2013-12-15,0.034566,0.034566,0.0290606,0.0290606,0.0,1.4956712008356128,59.93061907894056
2013-12-19,0.0234149,0.0234149,0.0168461,0.0207833,0.0,1.1031555529551416,52.45239951011226
2013-12-23,0.0214271,0.0231614,0.0214271,0.0231614,0.0,1.1843538542716219,54.219871563188086
2013-12-27,0.0225342,0.0264432,0.0219629,0.0264432,133863.0,1.3050278310289547,56.61657588083853
2013-12-31,0.0273354,0.0276683,0.0272621,0.0274381,63399.0,1.3444250556444841,57.34561880780193
2014-01-03,0.0270432,0.028997,0.0270432,0.0276943,89287.0,1.3553507741357882,57.543478832068466
2014-01-07,0.0280872,0.0280872,0.0237737,0.0237737,75928.0,1.1485476410226818,53.45693151472255
2014-01-11,0.0231652,0.0239417,0.0225619,0.0239417,69314.0,1.1555888435385746,53.608963833825634
2014-01-15,0.0221986,0.0222549,0.021214,0.0222549,25227.0,1.0738323401964633,51.78009424304447
2014-01-19,0.0210663,0.0213437,0.0204377,0.0213437,17951.0,1.0313827376035765,50.77244767868311
2014-01-23,0.0207658,0.0207658,0.0191161,0.0191161,81644.0,0.9341602529626873,48.29797590617268
2014-01-27,0.0182854,0.0204128,0.0182854,0.0204128,66064.0,0.993252954157203,49.83075289494178
2014-01-31,0.0209537,0.0209537,0.0203371,0.0203371,82570.0,0.9895765412178085,49.738048309118795
2014-02-03,0.0206331,0.0214641,0.0206331,0.0214641,92102.0,1.048920585556102,51.19381360851583
2014-02-07,0.0214894,0.0214894,0.0183476,0.0183476,94078.0,0.8913875619073783,47.12876302350506
2014-02-11,0.0184492,0.0184492,0.0173264,0.0182464,135739.0,0.8867304285253966,46.998257680003306
2014-02-15,0.0172474,0.0172474,0.0157666,0.0159131,158770.0,0.7849075510824337,43.97468936732532
2014-02-19,0.0161888,0.0161888,0.0152173,0.0152173,191498.0,0.7569921633549397,43.084549785895405
2014-02-23,0.0153568,0.0156294,0.0145808,0.0156294,88774.0,0.7796766016895209,43.810015873071634
2014-02-27,0.0149639,0.0149639,0.0113426,0.0138436,151039.0,0.7050392512407752,41.350323796224075
2014-02-28,0.0141288,0.0141288,0.0136833,0.0139152,29209.0,0.7091726432916547,41.49215973442426
2014-03-07,0.015657,0.0160143,0.0152577,0.0152577,165546.0,0.792635367395952,44.21620714464444
2014-03-11,0.0147279,0.0147453,0.0144892,0.0147453,107847.0,0.7663450153098486,43.385918870182785
2014-03-15,0.0143696,0.0143696,0.0142599,0.0143668,65615.0,0.7466444696872379,42.7473640254296
2014-03-19,0.0143675,0.0143675,0.0136943,0.014008,109271.0,0.7275508398882573,42.11458343740073
2014-03-23,0.0136985,0.0136985,0.0127485,0.0127485,179944.0,0.6634164049640661,39.88276194609236
2014-03-27,0.0125302,0.0127315,0.0110146,0.0110146,229366.0,0.5867364962113124,36.97756354708402
2014-03-31,0.010733,0.010733,0.00905744,0.00905744,203590.0,0.5144546194839252,33.96962925566129
2014-04-03,0.00870306,0.00972158,0.00776135,0.00776135,172873.0,0.47290617105417787,32.10701267655854
2014-04-07,0.00774317,0.00831574,0.00774317,0.00822231,63143.0,0.5038390615032842,33.503522710710214
2014-04-11,0.00832457,0.00832457,0.00579149,0.00604461,345888.0,0.43532855854187075,30.329540644276918
2014-04-15,0.0060575,0.00693324,0.0060575,0.00693324,274616.0,0.49508337608132386,33.11409811665207
2014-04-19,0.0066992,0.00680605,0.00628382,0.00680605,207541.0,0.49056496094849816,32.9113439401081
2014-04-23,0.00627118,0.00627118,0.00606067,0.00609406,16198.194905550225,0.4649820709664619,31.739778948947063
2014-04-27,0.00597576,0.00597576,0.00476459,0.00476459,23151.139108021587,0.4208485805676973,29.619523594804747
2014-04-30,0.00508138,0.00543786,0.00508138,0.00543786,17808.351116509773,0.47261253824803134,32.09347509768584
2014-05-03,0.00530636,0.00530636,0.00503786,0.00515632,3389.4977991215756,0.46184638521681226,31.593359595598955
2014-05-07,0.00495563,0.00667031,0.00495563,0.00660707,36960.91461168966,0.5882595970680345,37.03800047259125
2014-05-11,0.00668728,0.00668728,0.00589419,0.00589419,7294.355063269134,0.5513747589657979,35.54104227745488
2014-05-15,0.00594224,0.00733007,0.00594224,0.00695696,30870.67167634936,0.6520415905522611,39.46883627392758
2014-05-19,0.00674425,0.00674425,0.00573035,0.00612097,9404.269972552753,0.600806500711003,37.53148806205828
2014-05-23,0.00648745,0.00669617,0.00268621,0.00334091,33235.81583231137,0.4688658608637237,31.920264018391777
2014-05-27,0.00353098,0.00452163,0.00353098,0.00452163,13600.455453295792,0.5693092589436692,36.27769706315769
2014-05-31,0.00453813,0.00453813,0.00389459,0.00414494,6895.486898817265,0.5503178641297383,35.497098811968854
2014-06-03,0.00447473,0.00447473,0.00386625,0.00445135,10743.127576502931,0.5795400125708294,36.69042936288655
2014-06-07,0.00413563,0.00421842,0.0039689,0.0039689,4379.706387667695,0.5521793648350022,35.57445597749583
2014-06-11,0.00400337,0.00478355,0.00400337,0.00449846,11143.062664952553,0.6079865984497222,37.810426967232736
2014-06-15,0.00395321,0.00405842,0.00395321,0.0040547,9090.954786210405,0.578834963704728,36.66215766760668
2014-06-19,0.00423059,0.00426832,0.00415372,0.00415372,9905.498213947021,0.5903569766783002,37.121035423842365
2014-06-23,0.004189,0.004189,0.004076,0.004076,104818.0,0.5846628332794146,36.8950934546418
2014-06-27,0.00407,0.00407,0.00394,0.003993,17794.0,0.5782484024611878,36.63861794882495
2014-06-30,0.003926,0.004028,0.003779,0.003779,20025.999999999996,0.5611539563991197,35.944818517031436
2014-07-03,0.00366,0.00366,0.003357,0.003357,142354.99999999997,0.5280055654767114,34.555212193352375
2014-07-07,0.003243,0.003243,0.002807,0.003083,198315.0,0.5070613671858989,33.64570137795536
2014-07-11,0.003398,0.003419,0.003398,0.003419,216813.99999999997,0.5594453648802405,35.87463706515962
2014-07-15,0.003419,0.003419,0.003419,0.003419,216814.0,0.5594453648802404,35.87463706515962
2014-07-19,0.003419,0.00636,0.003419,0.005259,519611.00000000006,0.8921405770612658,47.14980418880257
2014-07-23,0.005376,0.006148,0.005361,0.006148,331286.0,1.0652477932320452,51.579660161019575
2014-07-27,0.005926,0.006039,0.005926,0.006024,103330.99999999997,1.03825039668872,50.9383144669286
2014-07-31,0.006159,0.006159,0.005094,0.005208,549848.0,0.8801660057442056,46.813207081457634
2014-08-03,0.005341,0.005341,0.005219,0.005219,71143.00000000003,0.8823764221456455,46.875662687054906
2014-08-07,0.004947,0.005343,0.004947,0.005343,222282.0,0.9092105681099816,47.62233057457106
2014-08-11,0.005461,0.005461,0.004974,0.005219,263952.0,0.8836738853155198,46.91225440902168
2014-08-15,0.005045,0.00542,0.004969,0.00542,302191.0,0.9327035657343444,48.259007861868206
2014-08-19,0.00543,0.00543,0.004977,0.005041,176131.0,0.8482512775881991,45.8948027183344
2014-08-23,0.005271,0.005271,0.005013,0.005013,104533.0,0.8421842162410812,45.71661231358998
2014-08-27,0.005152,0.005152,0.004835,0.005008,165130.99999999997,0.8410274098738734,45.68250344146105
2014-08-31,0.005053,0.005053,0.004896,0.004896,111074.00000000001,0.814053781348889,44.874842726194
2014-09-03,0.005024,0.005024,0.004643,0.004777,192231.00000000003,0.7852371198089763,43.985032077587434
2014-09-07,0.004813,0.004873,0.00471,0.00471,88091.99999999999,0.7687372313783171,43.46248938171931
2014-09-11,0.004706,0.004747,0.004706,0.004746,110880.00000000003,0.780896083250631,43.84849237386599
2014-09-15,0.004696,0.005166,0.004696,0.005053,343049.99999999994,0.8925600690352574,47.161518603224295
2014-09-19,0.005109,0.005449,0.004943,0.004943,409000.0000000001,0.8556904374975234,46.11170161826441
2014-09-23,0.004787,0.004787,0.004564,0.004595,325619.0,0.7501219157980996,42.861123503846024
2014-09-27,0.004629,0.004716,0.004606,0.004716,224461.0,0.7963183623896894,44.33058076243936
2014-09-30,0.005276,0.005276,0.004654,0.004654,109635.0,0.7765234248826036,43.71028346749314
2014-10-03,0.00477,0.004986,0.00477,0.004986,252266.00000000003,0.9198736840009389,47.913239900448005
2014-10-07,0.004941,0.004941,0.004709,0.004772,145280.0,0.8366228527314258,45.552240161184976
2014-10-11,0.004787,0.004866,0.004758,0.004758,260383.0,0.8313222078181524,45.394644605363816
2014-10-15,0.004837,0.004873,0.004806,0.004825,235615.0,0.8639757605031971,46.35123368074052
2014-10-19,0.004849,0.004967,0.004849,0.004946,56704.00000000001,0.9274833589514931,48.118877636174396
2014-10-23,0.005082,0.005214,0.005082,0.005148,379000.9999999998,1.0416597660791356,51.02024261758216
2014-10-27,0.005076,0.005076,0.004544,0.004897,295672.0,0.9036020690038038,47.46801254931806
2014-10-31,0.004792,0.004891,0.004782,0.004866,153508.00000000003,0.8879491447463621,47.03247156933638
2014-11-03,0.004659,0.004809,0.004659,0.004809,210558.0,0.8585010669651265,46.193197422642946
2014-11-07,0.004805,0.004878,0.004805,0.004874,434943.0000000001,0.8992289693017651,47.34705419075188
2014-11-11,0.004907,0.004935,0.004896,0.004896,796923.9999999999,0.9140741692067178,47.75542055329826
2014-11-15,0.005082,0.005187,0.005043,0.005072,118027.99999999999,1.0419712760801532,51.027714654261025
2014-11-19,0.005182,0.005691,0.005182,0.005691,428109.0000000002,1.5263927481803239,60.41787244994799
2014-11-23,0.006075,0.008583,0.006075,0.008583,1281590.0,3.9637304594257223,79.85386176436955
2014-11-27,0.008616,0.013901,0.008616,0.013901,5109100.0,8.790431897813912,89.78594600894688
2014-11-30,0.015121,0.015121,0.011226,0.011226,2849490.0000000005,2.431902304714521,70.86164141018041
2014-12-03,0.012432,0.013201,0.012432,0.013126,1078100.0,2.985202700878769,74.90717348506534
2014-12-07,0.013321,0.014762,0.013321,0.014762,927939.0000000002,3.498271213985892,77.76923728185109
2014-12-11,0.013416,0.016374,0.013416,0.016374,1620910.0,4.042700883150907,80.16935719226807
2014-12-15,0.016374,0.018197,0.016374,0.018197,2622570.0,4.705753661182474,82.47383151496314
2014-12-19,0.021603,0.027913,0.021603,0.023456,6299219.999999998,6.765668587354555,87.12280869636417
2014-12-23,0.022696,0.025517,0.022696,0.024015,2744640.0,7.001467938097203,87.50229323248647
2014-12-27,0.023273,0.02534,0.023273,0.024209,751102.0000000001,7.089596606958774,87.63844418225024
2014-12-31,0.023713,0.024338,0.023713,0.024338,590681.0,7.1527053999659085,87.73413301547507
2015-01-03,0.024376,0.024376,0.02227,0.02227,2145220.0,3.4231325373172985,77.39158861817612
2015-01-07,0.018855,0.02083,0.018855,0.02083,767827.0,2.4609010716336654,71.10579067988311
2015-01-11,0.020683,0.020683,0.018835,0.018835,560386.9999999998,1.7337703396972186,63.420482493392036
2015-01-15,0.018523,0.018523,0.014167,0.016491,2312720.000000001,1.2619632650896768,55.79061714070965
2015-01-19,0.016426,0.016426,0.015384,0.015999,1083590.0,1.1888347825679253,54.31359150703886
2015-01-23,0.016109,0.016985,0.016109,0.016724,1070460.0,1.2807944592426177,56.155628318561
2015-01-27,0.016754,0.016754,0.015807,0.015807,1331190.0,1.1382206046400016,53.2321408824716
2015-01-31,0.014986,0.014986,0.014409,0.014409,519001.99999999994,0.9623422057219465,49.040488601624936
2015-02-03,0.014154,0.014154,0.01303,0.01303,1285370.0,0.8266514475786286,45.255018338305355
2015-02-07,0.013472,0.015242,0.013472,0.014572,532315.0,0.9964466936586348,49.91100923574239
2015-02-11,0.014452,0.014452,0.013651,0.013761,437298.99999999994,0.9090243936471979,47.617222528545255
2015-02-15,0.014057,0.015,0.013711,0.013711,1140340.0,0.9037599186435836,47.4723682221184
2015-02-19,0.01379,0.013988,0.013767,0.01377,296507.00000000006,0.911119383249264,47.67464509203967
2015-02-23,0.013504,0.013504,0.013132,0.013333,432861.00000000006,0.8605996009927006,46.25388506659563
2015-02-27,0.013398,0.013434,0.013293,0.013434,980864.0000000001,0.8744006088862322,46.649611867433215
2015-02-28,0.013025,0.013025,0.010593,0.010593,530067.9999999999,0.6166146801657593,38.14234076499508
2015-03-07,0.009903,0.011531,0.009903,0.010579,1136159.9999999998,0.6156514609100574,38.10546245929031
2015-03-11,0.010461,0.010688,0.010081,0.010081,1233900.0,0.5808905160814208,36.74451267639227
2015-03-15,0.010354,0.011083,0.010354,0.010828,409911.9999999998,0.6720984463109839,40.19490884605392
2015-03-19,0.010973,0.010973,0.010491,0.010491,2781010.0000000014,0.6435797949542985,39.15719802166307
2015-03-23,0.010441,0.010441,0.010182,0.010298,652545.0,0.6271666744776686,38.543480782569084
2015-03-27,0.009801,0.009801,0.008749,0.008933,469718.0,0.5251576728350971,34.43300861207929
2015-03-31,0.008869,0.008869,0.008869,0.008869,410183.00000000006,0.5208798276011194,34.24858546665729
2015-04-03,0.007641,0.008722,0.007641,0.008722,1008220.0,0.5105918206085317,33.80078017388199
2015-04-07,0.008848,0.00906441,0.00871569,0.00906441,975135.9998169838,0.5601376953590614,35.903093491382336
2015-04-11,0.00918953,0.00918953,0.00838797,0.00838797,291629.27899655263,0.506724681562149,33.630874157897566
2015-04-15,0.00859406,0.00859406,0.00790082,0.00790082,364410.9240620249,0.471830246585452,32.057382139011395
2015-04-19,0.00805048,0.00805048,0.00776275,0.00776275,227824.29629224056,0.4621171545491041,31.606027814618884
2015-04-23,0.00793335,0.00803162,0.00793335,0.00802019,369870.03604514967,0.5034535983593371,33.48647400283835
2015-04-27,0.00808015,0.00808015,0.00771786,0.00775848,787016.9210178633,0.4816564602900838,32.50797153044394
2015-04-30,0.00761147,0.00802729,0.00761147,0.00802729,583316.9814553239,0.5295470089609483,34.62116599611281
2015-05-03,0.00802685,0.00806021,0.00802685,0.00803745,435646.4558642411,0.531496327365124,34.70438145154037
2015-05-07,0.00801744,0.00801744,0.00752393,0.00752393,2159727.763731245,0.48051214167624456,32.45580553849466
2015-05-11,0.00753804,0.00756139,0.00735991,0.00735991,441133.09154917795,0.4651636700417313,31.748239432423446
2015-05-15,0.00721321,0.00721321,0.00660369,0.00665844,252413.897106626,0.40550734780628217,28.851314682858003
2015-05-19,0.00658501,0.00658501,0.00573768,0.00653416,990976.8542198602,0.3958217339576854,28.357613606959703
2015-05-23,0.00662716,0.00676712,0.00655908,0.00676712,303130.7415894043,0.4440379604726421,30.74974291723646
2015-05-27,0.0068018,0.00690941,0.00678055,0.00689616,399468.5659285029,0.4728000808012757,32.10212213894293
2015-05-31,0.00777888,0.00896311,0.00777888,0.00824672,244931.68752303548,0.7969867189543534,44.35128599159103
2015-06-03,0.00759258,0.00798391,0.00759258,0.00798391,392910.0969218898,0.7462861121418424,42.73561514078085
2015-06-07,0.00786445,0.00794802,0.00786445,0.00787099,86381.1970594653,0.7249467302870348,42.02719524946734
2015-06-11,0.00800516,0.00804259,0.007996,0.00804259,194272.22848790258,0.7717426053209846,43.5583929066925
2015-06-15,0.00805761,0.00856177,0.00805761,0.00856177,640139.2901228141,0.9242155986873837,48.030771568313
2015-06-19,0.00929861,0.01115767,0.00929861,0.01115767,1169680.8483646053,1.7452240245064565,63.57310037093303
2015-06-23,0.01098643,0.01098643,0.01028666,0.01063804,483624.16409713734,1.4827909942172741,59.72274741091284
2015-06-27,0.01087344,0.01150953,0.01087344,0.01150953,238725.857364381,1.7543850043077471,63.69425485413113
2015-06-30,0.01149417,0.01195496,0.0113764,0.0113764,871943.7893745872,1.6793507108934045,62.677524971467456
2015-07-03,0.01121959,0.01121959,0.01103057,0.0110989,230127.83104942727,1.532243359157145,60.509324809411325
2015-07-07,0.01078849,0.01078849,0.00956565,0.00956565,589050.5505818891,1.007241171123234,50.18037621057718
2015-07-11,0.00940059,0.00940059,0.00849707,0.00849707,387291.1748615453,0.801200359249916,44.48146787976238
2015-07-15,0.00857493,0.00861325,0.00847805,0.00847805,488721.9921842279,0.7980710427444838,44.38484485720591
2015-07-19,0.00809466,0.00809466,0.00801398,0.00808229,82839.01838655573,0.7338439666308967,42.32468323299351
2015-07-23,0.00793408,0.00793408,0.00747635,0.00747635,164563.0460961247,0.6478735105984146,39.31573063293818
2015-07-27,0.00767252,0.00854455,0.00767252,0.00854455,647154.0555785535,0.8702829097835869,46.53215324970748
2015-07-31,0.00843525,0.00849708,0.00843525,0.0084392,400814.27749806433,0.8501993562440774,45.95177019032102
2015-08-03,0.00823269,0.00827951,0.00822159,0.00827951,225601.40006540235,0.8193341608919296,45.034836288142394
2015-08-07,0.008252,0.008252,0.00801251,0.00813815,361106.80803249666,0.791926825671063,44.19414980154072
2015-08-11,0.00844904,0.00880893,0.00844904,0.00863715,280076.1766491129,0.9190909021927959,47.891994128189666
2015-08-15,0.00832592,0.00844532,0.00816806,0.00844532,152896.28340020854,0.8731244227457258,46.6132634940424
2015-08-19,0.00831692,0.00831692,0.00774585,0.00774585,484796.70557947777,0.7297989842709285,42.189814591579406
2015-08-23,0.00786011,0.00787055,0.00755794,0.00755794,136890.97686257938,0.6967113649044394,41.06245642691731
2015-08-27,0.00737444,0.0075426,0.00711903,0.0075426,196102.91337723954,0.6939453933210109,40.96621981187471
2015-08-31,0.00740992,0.00805132,0.00740992,0.0078805,606628.4956923085,0.7881218474527008,44.07539947993103
2015-09-03,0.00779858,0.00779858,0.00740226,0.00740226,319693.8551505453,0.6891924756613221,40.80011517879287
2015-09-07,0.00733117,0.00790955,0.00733117,0.00790955,232682.327698686,0.832585152301841,45.432276435071095
2015-09-11,0.00782677,0.008419,0.00765743,0.008419,77327.99999999999,0.9876655550457082,49.68972534330585
2015-09-15,0.008214,0.008538,0.007412,0.007716,680532.0,0.8026800044964877,44.527037660279966
2015-09-19,0.007426,0.007529,0.007367,0.007482,441676.00000000006,0.7521796209013307,42.92822561846744
2015-09-23,0.007635,0.007635,0.006675,0.006675,973293.0000000001,0.6097111586871634,37.87705361901244
2015-09-27,0.006694,0.006694,0.006506,0.006536,270173.0,0.5890168537453322,37.06800543726218
2015-09-30,0.006304,0.006304,0.005512,0.005512,742543.9999999999,0.46405759831573473,31.696676336340232
2015-10-03,0.005446,0.005862,0.005446,0.005539,405103.9999999999,0.4700816570574665,31.97656775055529
2015-10-07,0.00524,0.005451,0.005019,0.005451,308791.00000000006,0.46034793394988033,31.52316809219245
2015-10-11,0.005451,0.005451,0.005053,0.005053,526102.0,0.4181736754116508,29.486774621611005
2015-10-15,0.005053,0.005446,0.005053,0.005394,440223.0000000001,0.5027049170098478,33.453335469890746
2015-10-19,0.005395,0.005395,0.004975,0.005044,302750.99999999994,0.45974778827366264,31.495015232554167
2015-10-23,0.004735,0.004735,0.004673,0.004673,296182.0000000001,0.41888675975214357,29.52221217606656
2015-10-27,0.004641,0.00467,0.00459,0.00464,360357.0,0.4153506216005759,29.346129168394256
2015-10-31,0.004664,0.004837,0.004637,0.004688,314981.0000000001,0.4285740653289945,30.000129200882256
2015-11-03,0.004918,0.005362,0.004918,0.005362,1025490.0000000001,0.6285362688888616,38.59516554198129
2015-11-07,0.004919,0.004919,0.004522,0.004693,363671.0,0.5178480994232897,34.117254527646566
2015-11-11,0.004649,0.004649,0.004236,0.004236,453354.0000000002,0.4584542309579809,31.43425561300245
2015-11-15,0.004503,0.004503,0.004165,0.004165,274004.0,0.4498223179017982,31.026030731323473
2015-11-19,0.004176,0.004264,0.004176,0.004226,176114.0,0.4672430836878134,31.84496753690128
2015-11-23,0.004221,0.004288,0.004221,0.004288,311516.0,0.4863114628836034,32.71935089164333
2015-11-27,0.004237,0.004313,0.004237,0.004287,205816.0,0.4861504437593983,32.712061272183306
2015-11-30,0.004237,0.004293,0.004206,0.004206,272886.0,0.47250343024445496,32.088443431742164
2015-12-03,0.004087,0.00426,0.004087,0.00426,138497.0,0.49265738872100323,33.00538974607838
2015-12-07,0.004773,0.005508,0.004773,0.005508,755691.9999999998,0.9942670219150933,49.8562635288578
2015-12-11,0.006677,0.008549,0.006677,0.008445,3438319.9999999995,2.2655432113674228,69.37722347329597
2015-12-15,0.008466,0.008787,0.006684,0.006684,4949919.999999998,1.2442019423083315,55.44073012558645
2015-12-19,0.006754,0.006754,0.006284,0.006284,469068.0,1.1206232800290696,52.84405252844852
2015-12-23,0.00624,0.006271,0.006028,0.006028,363393.0,1.0488240310376127,51.191513529175225
2015-12-27,0.005971,0.006488,0.005971,0.006355,472464.99999999977,1.1369599083752906,53.2045502547453
2015-12-31,0.006338,0.006338,0.006043,0.006043,375142.00000000006,1.0425453009150418,51.041477535308076
2016-01-03,0.00594,0.006072,0.00594,0.006008,291194.0,1.0321902573523394,50.79200894787968
2016-01-07,0.00596,0.006042,0.00596,0.006008,320954.0,1.0321902573523394,50.79200894787968
2016-01-11,0.005941,0.005995,0.005901,0.005901,217803.99999999997,0.9970770254605141,49.9268186829496
2016-01-15,0.005883,0.005883,0.005474,0.005474,724813.0000000001,0.8698998728725835,46.52120070665726
2016-01-19,0.00511,0.005331,0.00511,0.005271,220146.0,0.8165750593744551,44.9513525554868
2016-01-23,0.005369,0.005369,0.005104,0.005147,327528.0,0.7849233158286871,43.97518419239599
2016-01-27,0.005222,0.00536,0.005127,0.00536,764678.0000000002,0.8566274388877441,46.13889792563481
2016-01-31,0.006234,0.006887,0.006234,0.006405,957897.9999999999,1.2354758752741657,55.2667952689332
2016-02-03,0.006551,0.006881,0.006551,0.006881,803020.0,1.4213165804695365,58.70015478083076
2016-02-07,0.006977,0.008349,0.006977,0.008349,2471040.0,2.0385431760052932,67.08949183619374
2016-02-11,0.007991,0.007991,0.007778,0.00781,549705.9999999999,1.6386246613654463,62.101468441422206
2016-02-15,0.007941,0.008617,0.007941,0.008617,749244.0,1.9549405807728204,66.15837196501377
2016-02-19,0.008452,0.008452,0.007989,0.008247,717553.9999999998,1.6908573145717516,62.83712277924519
2016-02-23,0.008295,0.008295,0.00797,0.00797,829951.9999999999,1.524791406375129,60.392767597553295
2016-02-27,0.008069,0.008069,0.007974,0.007974,417091.0,1.5263187558854108,60.41671314554583
2016-02-29,0.007887,0.00793,0.007887,0.00793,699525.0,1.4991935217580128,59.98709218417916
2016-03-03,0.007975,0.008048,0.007975,0.008048,678271.9999999999,1.5505200948274174,60.79231047706505
2016-03-07,0.008136,0.008136,0.007859,0.007922,579040.0,1.4641053564774789,59.41731966243791
2016-03-11,0.007955,0.008808,0.007955,0.008808,2796150.0,1.886149890836853,65.35176488321453
2016-03-15,0.008676,0.008676,0.008175,0.008175,284630.0,1.4238070871971018,58.742591137630384
2016-03-19,0.008207,0.008283,0.008018,0.008018,163982.00000000003,1.3363133755340997,57.19752279501493
2016-03-23,0.007964,0.00833,0.007964,0.00833,1025449.9999999999,1.4678253551683587,59.47849397423107
2016-03-27,0.008231,0.008231,0.008029,0.008029,419730.0,1.291377953296909,56.35813818662401
2016-03-31,0.007561,0.007563,0.00733,0.007389,1045170.0,1.0126409986277534,50.314040075611395
2016-04-03,0.007421,0.007506,0.007421,0.007506,266345.0,1.0551354037787706,51.34140562411102
2016-04-07,0.007494,0.007494,0.006877,0.006877,1446380.0,0.8468003880809625,45.85229641200613
2016-04-11,0.006671,0.006671,0.005927,0.006068,1807669.9999999998,0.6649462542707839,39.93800115559996
2016-04-15,0.005877,0.006373,0.005707,0.006373,155910.0,0.752138553575146,42.926887947328545
2016-04-19,0.006489,0.00713,0.006489,0.00713,403883.0,0.9851937838469317,49.627083857668126
2016-04-23,0.007245,0.007475,0.007245,0.007347,316474.00000000006,1.0571399061480886,51.388819155598426
2016-04-27,0.007254,0.007277,0.006743,0.006743,865930.0,0.8696017347038503,46.512672649054714
2016-04-30,0.006689,0.006813,0.006689,0.006813,410256.0,0.8917430284935474,47.138697754507895
2016-05-03,0.006796,0.006796,0.006559,0.006559,331478.99999999994,0.820732162764908,45.07703986063328
2016-05-07,0.006314,0.006486,0.006193,0.006486,385986.00000000006,0.8009903869669928,44.474995133978624
2016-05-11,0.006403,0.006403,0.006192,0.006192,470955.9999999999,0.7253203764171124,42.039750201255345
2016-05-15,0.006166,0.006166,0.006058,0.006058,311439.0,0.6931776159452904,40.93945073555048
2016-05-19,0.006023,0.00604,0.006023,0.00604,793191.0,0.6887621659893987,40.78503058989791
2016-05-23,0.006082,0.006082,0.005908,0.005908,509675.0,0.6557730909977866,39.60525113997418
2016-05-27,0.005956,0.005956,0.005671,0.005676,1069750.0,0.6012644771018009,37.54935463191289
2016-05-31,0.005679,0.005754,0.005644,0.005705,841980.9999999999,0.6124538627676492,37.98272167095812
2016-06-03,0.00581,0.005821,0.005767,0.005821,438919.0,0.660654293328226,39.78277092242754
2016-06-07,0.005783,0.005796,0.005769,0.005776,781573.0,0.6476134409313326,39.306151846228055
2016-06-11,0.005769,0.005786,0.00574,0.005756,375383.0,0.6415521400750246,39.08204463403175
2016-06-15,0.005844,0.006987,0.005831,0.006878,3365100.0,1.2070064672378211,54.689756697833786
2016-06-19,0.006669,0.006816,0.006615,0.006816,2390380.0,1.167713279174992,53.86843778617304
2016-06-23,0.006634,0.006634,0.006187,0.006381,3225400.0,0.9371888166384283,48.37880585459483
2016-06-27,0.006406,0.006419,0.006396,0.006397,1124300.0,0.9450086267678638,48.58634628979722
2016-06-30,0.006765,0.006765,0.006666,0.006666,1055820.0,1.08659230439986,52.074969418253595
2016-07-03,0.006808,0.006808,0.006614,0.006614,539443.0,1.0554823126524688,51.34961785637728
2016-07-07,0.00701,0.00701,0.006595,0.006595,788366.0,1.0437237623120028,51.069708223741046
2016-07-11,0.006708,0.006708,0.006531,0.006531,723026.0,1.0031828086689336,50.07944378953233
2016-07-15,0.006381,0.00644,0.006381,0.00644,756878.0,0.9468653908723942,48.63538051021093
2016-07-19,0.006572,0.006572,0.006407,0.006407,542536.0,0.9265516678868935,48.09378763784552
2016-07-23,0.006409,0.006416,0.006305,0.006309,370709.0,0.8670611397559106,46.439890011811045
2016-07-27,0.006293,0.006293,0.005968,0.005968,1362120.0,0.698906065086738,41.13859379571143
2016-07-31,0.005974,0.006122,0.005956,0.005956,645633.0,0.6938067677260265,40.961388332240375
2016-08-03,0.005909,0.005909,0.005653,0.005653,1606280.0,0.5789451309903908,36.666576920709616
2016-08-07,0.005818,0.006444,0.005818,0.006177,1303140.0,0.8872708908877999,47.013435918063394
2016-08-11,0.006026,0.006201,0.006026,0.00619,406905.0,0.895508602030097,47.24371079461226
2016-08-15,0.006131,0.006131,0.005993,0.006034,486413.0,0.8093481682484703,44.73147747080405
2016-08-19,0.006138,0.006138,0.006103,0.006103,1357320.0,0.8551778973989499,46.096813604665684
2016-08-23,0.00612,0.00612,0.006,0.006019,974803.0,0.8067073227586518,44.65069204052899
2016-08-27,0.006059,0.006081,0.005976,0.005976,242501.0,0.7822646191394449,43.89160906516544
2016-08-31,0.005961,0.00614,0.005961,0.006008,1173350.0,0.8065474574825832,44.6457940610375
2016-09-03,0.00599,0.00599,0.005962,0.005962,678314.0,0.7773264340758481,43.73571557663984
2016-09-07,0.005945,0.005945,0.005889,0.005889,687249.0,0.7320024830395696,42.26336221845048
2016-09-11,0.005902,0.005902,0.005844,0.005844,528001.0,0.7047241506592001,41.339483011764116
2016-09-15,0.005894,0.008299,0.005892,0.008299,15821900.0,2.8941433828547085,74.32041140542384
2016-09-19,0.007376,0.007376,0.006857,0.006872,2925540.0,1.2208885151972508,54.97297621392833
2016-09-23,0.006788,0.007268,0.006788,0.007268,3056340.0,1.3936702976443804,58.22315207804084
2016-09-27,0.007385,0.008253,0.007385,0.008253,6179620.0,1.8565026169811933,64.99215530014746
2016-09-30,0.009061,0.009061,0.008857,0.008857,7548990.0,2.1621418276264173,68.37586501454854
2016-10-03,0.0082,0.0082,0.008123,0.008123,2571860.0,1.5443942510253827,60.697914657015
2016-10-07,0.00788,0.00788,0.007367,0.007367,3030770.0,1.1727400490377162,53.975166037792256
2016-10-11,0.007308,0.008271,0.007308,0.008271,3961500.0,1.4826333509461433,59.72018986940237
2016-10-15,0.007945,0.008829,0.007945,0.008146,796875.0,1.4172330528632864,58.630385315331125
2016-10-19,0.008061,0.008584,0.008035,0.008584,3183470.0,1.583687247391051,61.295625040926396
2016-10-23,0.009093,0.009397,0.008966,0.009397,931166.0,1.9164202368738439,65.71138866215263
2016-10-27,0.00906,0.00906,0.008505,0.008505,4357390.0,1.375605285144717,57.90546492494934
2016-10-31,0.00843,0.00843,0.007723,0.008229,2434650.0,1.257369292329252,55.70064661559401
2016-11-03,0.00809,0.008211,0.008022,0.008022,3109450.0,1.175745786463548,54.038748174464004
2016-11-07,0.008155,0.00823,0.008114,0.008114,2288450.0,1.2068167384627038,54.68586119676559
2016-11-11,0.008239,0.008239,0.008062,0.008062,2085190.0,1.1844161675733245,54.22117750067272
2016-11-15,0.008047,0.008254,0.007886,0.007886,3048710.0,1.109360342135594,52.59226316033025
2016-11-19,0.007848,0.007848,0.007731,0.007798,1300900.0,1.072755746317323,51.755048718272484
2016-11-23,0.007644,0.007644,0.007049,0.007049,3721340.0,0.8236474610549319,45.16484017028563
2016-11-27,0.006948,0.007302,0.0069,0.007302,546743.0,0.9081190589577711,47.59236876203064
2016-11-30,0.007008,0.007008,0.006737,0.006737,1486150.0,0.7547826675958386,43.01288595640951
2016-12-03,0.006716,0.006716,0.006595,0.006595,1217110.0,0.7217957781244048,41.92110279830486
2016-12-07,0.006531,0.00682,0.006422,0.00682,2731090.0,0.7963716438556172,44.332231950975135
2016-12-11,0.007103,0.007134,0.006743,0.006743,981049.0,0.7750690928831985,43.664164735372296
2016-12-15,0.006779,0.006779,0.006658,0.006658,1030760.0,0.751181435811434,42.89569432669115
2016-12-19,0.006709,0.006709,0.006536,0.006543,1092150.0,0.7188991196520644,41.82322926534411
2016-12-23,0.006495,0.006495,0.006281,0.006281,3560500.0,0.6503281161901712,39.40598901577657
2016-12-27,0.006342,0.006444,0.006189,0.006189,2467560.0,0.6276875498092017,38.56314744698879
2016-12-31,0.006184,0.006487,0.006184,0.006487,272476.0,0.7491292605625056,42.82869639500467
2017-01-03,0.006376,0.006385,0.006309,0.006385,1014600.0,0.7170315021467669,41.75995031251774
2017-01-07,0.006566,0.006566,0.006194,0.006361,1357240.0,0.7093302353544199,41.49755387713857
2017-01-11,0.006242,0.006713,0.006165,0.006454,3469780.0,0.7541511095187801,42.99236852665834
2017-01-15,0.006488,0.006845,0.006488,0.006791,777000.0,0.9290600295414875,48.16128141757792
2017-01-19,0.00677,0.007022,0.006763,0.007022,775208.0,1.0581756303982401,51.41328148917456
2017-01-23,0.006689,0.006708,0.006689,0.006696,302306.0,0.8845909092595906,46.93808639919231
2017-01-27,0.006565,0.006674,0.0064,0.0064,942663.0,0.7623135201017996,43.25640763726109
2017-01-31,0.006349,0.006398,0.006336,0.006336,651837.0,0.7385422717424931,42.48054728069813
2017-02-03,0.006492,0.006501,0.006467,0.006501,545416.0,0.8251201664158364,45.20908713842135
2017-02-07,0.00648,0.00648,0.006445,0.006477,563802.0,0.8140797374733649,44.87563146519725
2017-02-11,0.006428,0.006428,0.006298,0.006345,336845.0,0.7542992063930006,42.99718107630617
2017-02-15,0.006279,0.006281,0.006102,0.006102,797576.0,0.6584414977403715,39.70242535763238
2017-02-19,0.006043,0.006043,0.005565,0.005874,900571.0,0.5835129755045347,36.84927023213165
2017-02-23,0.005777,0.005777,0.005777,0.005777,795100.0,0.5545975561344333,35.67467052459941
2017-02-27,0.005701,0.005701,0.005613,0.005613,644643.0,0.5086992292799586,33.71773640546898
2017-02-28,0.005541,0.006311,0.005376,0.006311,1681180.0,0.888027456005827,47.03466854684799
2017-03-07,0.006326,0.006577,0.006067,0.006577,2800310.0,1.0437050310914715,51.06925976172135
2017-03-11,0.00649,0.006534,0.006227,0.006244,1863970.0,0.8626509070066214,46.31307475607155
2017-03-15,0.006243,0.006391,0.006243,0.006312,1398830.0,0.9007996302240646,47.39056215609002
2017-03-19,0.006236,0.006928,0.00613,0.006928,4352960.0,1.2729654549155058,56.00461072395957
2017-03-23,0.007018,0.009612,0.006914,0.009612,10951600.0,3.019282016929191,75.11993446122949
2017-03-27,0.010743,0.010743,0.009137,0.009435,6256690.0,2.686141607545158,72.87136234937091
2017-03-31,0.009529,0.020394,0.009529,0.020394,72586500.0,10.043230080719828,90.94467838946974
2017-04-03,0.022594,0.054541,0.022594,0.033204,160729000.0,19.30446423865918,95.07497470385835
2017-04-07,0.037085,0.037085,0.032284,0.036571,36852000.0,21.925950191562237,95.63813062645471
2017-04-11,0.035784,0.035784,0.033199,0.033199,11294500.0,5.7287832466178585,85.13847209296513
2017-04-15,0.034151,0.034256,0.033867,0.034001,4948530.0,5.917996747404484,85.54494839311418
2017-04-19,0.033424,0.033701,0.029687,0.029687,12164300.0,2.8233628687571777,73.84501460294142
2017-04-23,0.029851,0.032739,0.029851,0.031088,4948700.0,3.0062475086260267,75.03898603751125
2017-04-27,0.03139,0.034555,0.03139,0.034555,16184200.0,3.493638638585627,77.74631917632901
2017-04-30,0.044695,0.055114,0.044695,0.051487,44624600.0,6.057040661497546,85.82975431251386
2017-05-03,0.053275,0.060929,0.053275,0.060929,40572500.0,7.596460724576471,88.36730566172315
2017-05-07,0.080567,0.137873,0.080567,0.137873,246048000.0,21.106374877947076,95.47641797661912
2017-05-11,0.201431,0.201431,0.160441,0.182093,104818000.0,29.467818219426867,96.71784834477455
2017-05-15,0.204731,0.261789,0.204731,0.261789,214068000.0,45.69651779775207,97.85851269610485
2017-05-19,0.339733,0.405379,0.339733,0.341917,219898000.0,63.26831500924091,98.4440233109329
2017-05-23,0.353756,0.353756,0.316974,0.332185,165972000.0,19.18173068453083,95.04502356298663
2017-05-27,0.303762,0.303762,0.213315,0.213315,254920000.0,1.886870228824324,65.36041038438887
2017-05-31,0.231631,0.247677,0.205543,0.247677,158351000.0,2.16755582538171,68.4299170992671
2017-06-03,0.333491,0.333491,0.282311,0.282311,152004000.0,2.4722253604145035,71.20002602939853
2017-06-07,0.297987,0.297987,0.282413,0.282413,146362000.0,2.473191658751902,71.20803864997902
2017-06-11,0.289515,0.289515,0.261162,0.272619,116329000.0,2.2485179744057318,69.21673181805512
2017-06-15,0.254826,0.277881,0.254826,0.258172,190970000.0,1.9649551276307393,66.27267675382703
2017-06-19,0.262451,0.290239,0.262451,0.290239,144326000.0,2.266407222663152,69.38532363442778
2017-06-23,0.325172,0.325172,0.292925,0.320574,176870000.0,2.5735134743316896,72.01633610218812
2017-06-27,0.310808,0.310808,0.27538,0.27538,187278000.0,1.7240299910434007,63.28968464781975
2017-06-30,0.2809,0.2809,0.262806,0.262806,67769400.0,1.5688657528103138,61.07231376703863
2017-07-03,0.255292,0.259848,0.255292,0.259848,60477900.0,1.5338913102477656,60.535008113579295
2017-07-07,0.254387,0.255837,0.239652,0.239652,87737800.0,1.317873046983362,56.85699864789971
2017-07-11,0.236171,0.236171,0.186181,0.186181,279893000.0,0.9403006438474515,48.461595208406216
2017-07-15,0.205163,0.205163,0.171654,0.171654,132139000.0,0.8675767866863694,46.454678215705705
2017-07-19,0.144688,0.18925,0.144688,0.16227,139979000.0,0.8232817170703151,45.15384042753307
2017-07-23,0.187339,0.194755,0.182354,0.194755,196450000.0,1.0136203828231085,50.338206320796495
2017-07-27,0.191998,0.191998,0.173468,0.173468,34618900.0,0.8935923385845876,47.190322878710276
2017-07-31,0.165379,0.168693,0.165379,0.167145,56473400.0,0.8609791375395416,46.26484629364888
2017-08-03,0.17656,0.17656,0.173609,0.174492,31552200.0,0.9066485613646571,47.551949516891355
2017-08-07,0.174084,0.184159,0.174084,0.178999,58673900.0,0.9368194244539046,48.36896060757163
2017-08-11,0.191757,0.191757,0.179888,0.179888,54005900.0,0.9432283705720588,48.53924453019311
2017-08-15,0.17429,0.17429,0.162467,0.162467,99978000.0,0.8308539848735398,45.380679821440175
2017-08-19,0.160204,0.160787,0.155775,0.155775,87806000.0,0.7918284287548545,44.19108526507183
2017-08-23,0.159505,0.248587,0.159505,0.248587,1782180000.0,1.4933762429322885,59.8937383463649
2017-08-27,0.220536,0.220536,0.203322,0.203322,194379000.0,1.0912755797759637,52.18229440105024
2017-08-31,0.223638,0.254085,0.218175,0.254085,421998000.0,1.4164639384711755,58.61721815585338
2017-09-03,0.249645,0.249645,0.22457,0.228848,189239000.0,1.2064206194386384,54.677725942643626
2017-09-07,0.206462,0.22686,0.206462,0.223218,103081000.0,1.1649199794343548,53.80891628792314
2017-09-11,0.211528,0.214914,0.210045,0.214914,137781000.0,1.1045652841708482,52.48424900280641
2017-09-15,0.20922,0.20922,0.164177,0.181167,292527000.0,0.9003995896661122,47.37948769102326
2017-09-19,0.178489,0.189366,0.178489,0.183936,54680000.0,0.9167325101792853,47.827879232535004
2017-09-23,0.18244,0.18244,0.171347,0.177651,32293700.0,0.8815382360543611,46.85199690137426
2017-09-27,0.175581,0.203149,0.175581,0.203149,250229000.0,1.049269839035878,51.20213156162631
2017-09-30,0.196986,0.196986,0.193591,0.196932,54584900.0,1.0050065947005933,50.124852325020434
2017-10-03,0.203369,0.203454,0.202849,0.203454,49127700.0,1.0526651270510006,51.28284751265451
2017-10-07,0.213899,0.238596,0.213899,0.238596,79461900.0,1.3292134488731435,57.06705194906921
2017-10-11,0.279843,0.279843,0.249302,0.264808,162503000.0,1.5513547931388871,60.80513761985578
2017-10-15,0.250161,0.265509,0.250161,0.265509,283097000.0,1.5577526119670928,60.903177448778784
2017-10-19,0.255936,0.255936,0.213848,0.213848,304018000.0,1.0331545320093556,50.81534707488734
2017-10-23,0.210527,0.210527,0.198939,0.198939,99132900.0,0.935265606377093,48.32750622422075
2017-10-27,0.207547,0.207547,0.202493,0.202493,29633100.0,0.9595888712397732,48.96888757245647
2017-10-31,0.20161,0.202776,0.200793,0.200793,43202900.0,0.9477143662495553,48.65776946926967
2017-11-03,0.194131,0.208601,0.194131,0.208601,384713000.0,1.0089220406033546,50.222060399135124
2017-11-07,0.204145,0.209832,0.202402,0.209832,112888000.0,1.0193142720406707,50.4782383878551
2017-11-11,0.216912,0.217419,0.206187,0.210117,137105000.0,1.0219053489284353,50.54170065230909
2017-11-15,0.196401,0.212758,0.196401,0.212758,100024000.0,1.0477629675109452,51.16622305092764
2017-11-19,0.223418,0.230733,0.223418,0.230733,193756000.0,1.237291110006171,55.30308972634135
2017-11-23,0.239804,0.245077,0.232854,0.245077,238979000.0,1.4001681120959162,58.33625174168477
2017-11-27,0.24466,0.253946,0.24466,0.253946,195641000.0,1.5086229248371072,60.137492562181976
2017-11-30,0.298582,0.298582,0.240521,0.250447,272495000.0,1.4421692457623196,59.05279694537094
2017-12-03,0.255387,0.255487,0.251969,0.251969,133663000.0,1.4628037348515934,59.39587122397071
2017-12-07,0.252982,0.252982,0.222823,0.222823,274201000.0,1.0261384455877351,50.645031084737965
2017-12-11,0.251643,0.251643,0.238779,0.250616,175432000.0,1.3326901680713188,57.131040646224974
2017-12-15,0.379427,0.865028,0.379427,0.76057,3210330000.0,7.3900590108720925,88.08113269877876
2017-12-19,0.762863,0.792545,0.729334,0.792545,1455610000.0,7.799082503862831,88.63517872958919
2017-12-23,0.774137,1.18,0.774137,1.18,1544270000.0,13.136653357712964,92.92618999210022
2017-12-27,1.033,1.41,1.033,1.41,2876210000.0,16.548856690387318,94.30162307640379
2017-12-31,1.43,2.28,1.43,2.28,4654810000.0,30.448735149241358,96.82022187774976
2018-01-03,2.31,3.13,2.31,3.13,6678660000.0,45.073717789414935,97.82956520988688
2018-01-07,3.22,3.4,2.93,3.4,2412330000.0,50.07665302741097,98.04215832336678
2018-01-11,2.45,2.45,1.93,1.93,6211300000.0,1.6508723574186084,62.27656917537178
2018-01-15,2.03,2.03,1.67,1.67,1798380000.0,1.3940861736838148,58.2304091226054
2018-01-19,1.2,1.61,1.2,1.54,3689240000.0,1.286347608275014,56.262118831769754
2018-01-23,1.58,1.58,1.3,1.34,3071850000.0,1.140336493073655,53.27837453427997
2018-01-27,1.33,1.33,1.21,1.23,772842000.0,1.0684993255887723,51.655773457148086
2018-01-31,1.42,1.42,1.14,1.14,1106340000.0,1.0123087261415222,50.30583592819585
2018-02-03,1.14,1.14,0.896766,0.896766,3559920000.0,0.8779339611250608,46.74999117642535
2018-02-07,0.919951,0.919951,0.692773,0.779269,2345600000.0,0.8212247083960814,45.091893636745056
2018-02-11,0.732428,1.086,0.732428,1.086,4747340000.0,1.0028212825082412,50.0704327074233
2018-02-15,1.013,1.15,1.013,1.15,1442970000.0,1.0436264004992482,51.067377102013126
2018-02-19,1.15,1.21,1.13,1.13,1120790000.0,1.0294889520799961,50.72651176666355
2018-02-23,1.14,1.14,0.949136,0.95568,904021000.0,0.913353034054421,47.73572977899502
2018-02-27,0.999782,0.999782,0.949314,0.961025,463012000.0,0.9170780663517653,47.83728333489213
2018-02-28,0.953311,0.953311,0.90914,0.914247,316422000.0,0.8859731369430437,46.976975418595266
2018-03-07,0.904932,1.015,0.904932,0.916863,868140000.0,0.8880158327007114,47.03434247320106
2018-03-11,0.876384,0.876384,0.802784,0.802784,426465000.0,0.8102848668356551,44.76007515060424
2018-03-15,0.831416,0.831416,0.700401,0.700401,468306000.0,0.7470804329516134,42.761650743775704
2018-03-19,0.703766,0.703766,0.648311,0.661157,925265000.0,0.7237757112009745,41.98781236433083
2018-03-23,0.73457,0.73457,0.660199,0.660199,447842000.0,0.7231826473103151,41.96784644037113
2018-03-27,0.637919,0.64259,0.600615,0.600615,382954000.0,0.6855565157472946,40.672413493258155
2018-03-31,0.579457,0.579457,0.509616,0.509616,520045000.0,0.6315162184386085,38.707320914221825
2018-04-03,0.51199,0.51199,0.485634,0.499772,261899000.0,0.6257696493704792,38.49067114844873
2018-04-07,0.560281,0.560281,0.475235,0.475235,208766084.89862934,0.6108488388158768,37.92092864932673
2018-04-11,0.487961,0.499125,0.487961,0.492966,150082659.6644195,0.6294044118618165,38.6278818984316
2018-04-15,0.540385,0.635036,0.540385,0.630948,612117534.9279608,0.7849108092637931,43.97479163608957
2018-04-19,0.679873,0.70535,0.656575,0.70535,605238192.8886201,0.8752123411877042,46.67270590984755
2018-04-23,0.789901,0.930385,0.789901,0.869247,924815947.09067,1.0894353898736011,52.1401807949422
2018-04-27,0.875025,0.940198,0.7953,0.851596,1004687865.0402496,1.0630239404632431,51.52746507752817
2018-04-30,0.81365,0.870641,0.81365,0.870641,867436015.231315,1.0911939569715563,52.18042799587137
2018-05-03,0.835343,0.855396,0.835343,0.855396,526700349.02963585,1.0653237533455409,51.58144100264487
2018-05-07,0.887599,0.904192,0.871526,0.871526,615666633.3589588,1.0923377919993256,52.206569903588374
2018-05-11,0.831379,0.831379,0.75557,0.75557,377984516.1351162,0.9034020475856043,47.462492158792024
2018-05-15,0.686171,0.74587,0.686171,0.74171,597681544.7364846,0.8837263711199287,46.913733579815435
2018-05-19,0.697216,0.713594,0.66705,0.679515,329205517.24410963,0.7995708734287931,44.43119663885975
2018-05-23,0.674031,0.697847,0.645209,0.645209,217172399.08006775,0.7567629805350874,43.07712474135738
2018-05-27,0.601199,0.631638,0.601199,0.612349,212645750.35254568,0.7171567824455893,41.76419938919081
2018-05-31,0.606656,0.606656,0.551893,0.605363,325334388.84330624,0.7086651718320206,41.47478297764997
2018-06-03,0.6132,0.641122,0.6132,0.641122,305541830.52713734,0.7739357453021838,43.628172404313695
2018-06-07,0.67912,0.67912,0.661894,0.67339,261160236.25705957,0.8373648811760859,45.574229144953165
2018-06-11,0.675446,0.675446,0.585696,0.585696,475133281.50036806,0.7062556564989673,41.392135686636756
2018-06-15,0.604889,0.604889,0.535162,0.560357,373201980.4479861,0.6734442800353765,40.24300588132758
2018-06-19,0.534229,0.536037,0.525609,0.536037,266958371.0592306,0.6425872992196464,39.120435152818004
2018-06-23,0.547988,0.547988,0.488395,0.488395,325654524.35729295,0.585947516652616,36.94621105049854
2018-06-27,0.492234,0.492234,0.45545,0.45545,186485862.2097633,0.5498546362996052,35.47781988202614
2018-06-30,0.469691,0.469691,0.44919,0.453132,294970557.8981606,0.5473001885442774,35.37129980312258
2018-07-03,0.465006,0.485941,0.459476,0.485941,323227123.1605018,0.6181132513170957,38.1996285373703
2018-07-07,0.483525,0.488931,0.476424,0.477898,246779300.5772633,0.6067697517259132,37.763329255741276
2018-07-11,0.484152,0.484152,0.444894,0.444894,232761626.1636006,0.5612530375503588,35.948883624334044
2018-07-15,0.449036,0.449036,0.435829,0.438413,147985465.54448727,0.5524884733090825,35.58728343608696
2018-07-19,0.44566,0.504183,0.44566,0.484195,413129052.0361457,0.6712864508442875,40.165852508716995
2018-07-23,0.475552,0.475552,0.445942,0.448753,178738821.4106066,0.6107926346930463,37.918762573026
2018-07-27,0.44506,0.458664,0.44506,0.448791,231096150.425549,0.6108966873464202,37.922772586535714
2018-07-31,0.452255,0.454544,0.446519,0.446519,248726668.7194455,0.6068310339082147,37.7657028712129
2018-08-03,0.435435,0.447298,0.431148,0.431148,222305399.53186354,0.5787673248551596,36.659444095617914
2018-08-07,0.440919,0.440919,0.413334,0.413334,258285637.01182634,0.5471842174286885,35.36645547859001
2018-08-11,0.380187,0.380187,0.320765,0.320765,308624072.8380873,0.4191764019453072,29.536596111007043
2018-08-15,0.300663,0.300663,0.273937,0.273937,296755785.8454655,0.37179274692125375,27.102690822332818
2018-08-19,0.28168,0.365943,0.28168,0.326364,444762175.5159049,0.5080833185283263,33.69066631040937
2018-08-23,0.343703,0.343703,0.318491,0.319322,292955423.1148977,0.4982602371831912,33.25592075512509
2018-08-27,0.327469,0.328022,0.323589,0.323589,174306308.69864276,0.5108763077536903,33.81324501098574
2018-08-31,0.338318,0.352398,0.335562,0.335562,268653221.49236953,0.5489994888964173,35.44219948629882
2018-09-03,0.33552,0.347983,0.33552,0.342654,255056352.7135004,0.573318144392431,36.44006435925453
2018-09-07,0.335755,0.335755,0.281468,0.301489,421848840.5829816,0.4976659447969202,33.22943587826606
2018-09-11,0.289365,0.289365,0.268812,0.268812,302129589.07956,0.44721795701605044,30.90190768073026
2018-09-15,0.263836,0.280816,0.263836,0.276881,326677786.44595754,0.47417474518420905,32.16543674576093
2018-09-19,0.281884,0.32195,0.271348,0.32195,674858731.0026356,0.6363225359056823,38.887353925825295
2018-09-23,0.326005,0.573449,0.326005,0.573449,2492897027.684864,1.6107601948478458,61.69697998408928
2018-09-27,0.572513,0.572513,0.494432,0.514999,1639250152.1956763,1.294941902890778,56.425912188000495
2018-09-30,0.542321,0.571641,0.540111,0.571641,1081239677.1286824,1.4995605171584157,59.99296703818823
2018-10-03,0.581613,0.581613,0.516662,0.516662,700808852.0455769,1.235335967926706,55.26399546429216
2018-10-07,0.528512,0.528512,0.488679,0.488679,710572866.3788797,1.1265342647349923,52.975128753703885
2018-10-11,0.483068,0.491182,0.46313,0.46313,419667835.81864566,1.036752142635776,50.90222422911545
2018-10-15,0.382766,0.422132,0.382766,0.405229,339593825.34062314,0.867930782965051,46.464825724823974
2018-10-19,0.453026,0.475898,0.453026,0.46145,637016687.1544831,1.0382052921798781,50.937228755279534
2018-10-23,0.457672,0.464206,0.456776,0.456776,317539422.8461864,1.0226156234768418,50.55906874282831
2018-10-27,0.463954,0.463954,0.458798,0.461605,396254310.2027455,1.0393229449231929,50.96411765044584
2018-10-31,0.457433,0.463058,0.440914,0.44672,227040091.18113282,0.9847104887394236,49.614817593111844
2018-11-03,0.453618,0.461718,0.453618,0.461718,493211574.1821052,1.041728279735732,51.02188621644436
2018-11-07,0.457134,0.549979,0.457134,0.549979,1853044742.6153755,1.4030803652227812,58.386743345252476
2018-11-11,0.539121,0.539121,0.496651,0.508053,438844393.5590643,1.1841795444446443,54.21621805114639
2018-11-15,0.508786,0.520973,0.477334,0.477334,1739603421.6553605,1.0543807554055178,51.323531562063906
2018-11-19,0.486614,0.513162,0.474831,0.513162,1019902684.0112827,1.1920551771041263,54.38071037422165
2018-11-23,0.48171,0.48171,0.425897,0.425897,233415635.5819044,0.87578781822958,46.68906630687966
2018-11-27,0.412446,0.412446,0.359461,0.359461,1371317182.3991518,0.7193190562884456,41.83743870327738
2018-11-30,0.361691,0.391329,0.361691,0.379698,814252722.2040832,0.7779269460958095,43.75471938282263
2018-12-03,0.3625,0.372894,0.3625,0.365816,490227128.43539727,0.7456436406779833,42.71453939982767
2018-12-07,0.349261,0.351926,0.307456,0.307456,618353022.0128005,0.6277080687312233,38.563921921239434
2018-12-11,0.301739,0.30982,0.299307,0.299307,441301530.03789735,0.6131254159038296,38.008539810917135
2018-12-15,0.298403,0.304135,0.287746,0.287746,374582816.1116598,0.5921091121532114,37.19023449042553
2018-12-19,0.283748,0.34756,0.283748,0.34756,887290814.3520457,0.7830940624413623,43.91770905059108
2018-12-23,0.348066,0.373283,0.348066,0.358262,576220385.4312642,0.8198939023704926,45.051741824209884
2018-12-27,0.366798,0.405203,0.366798,0.373783,830120655.213931,0.877369747414269,46.7339877305834
2018-12-31,0.334844,0.369549,0.334844,0.364233,611648633.0243944,0.8451810450030335,45.80477602953287
2019-01-03,0.349173,0.37077,0.349173,0.37077,637546647.8228813,0.8722256480344348,46.58763482650423
2019-01-07,0.353943,0.362551,0.350772,0.362551,558490987.876907,0.8414139592382586,45.693905762848026
2019-01-11,0.36181,0.367278,0.329016,0.329016,982892808.3487959,0.72835752704452,42.141600661178394
2019-01-15,0.327532,0.331243,0.314021,0.331243,519065000.45911944,0.7379668359120876,42.4615027550167
2019-01-19,0.323267,0.327258,0.320672,0.320672,332351555.7327561,0.7034139998365344,41.29436531013813
2019-01-23,0.327499,0.327499,0.316918,0.317671,532065422.59768134,0.6934869601091302,40.95023914825073
2019-01-27,0.314888,0.31571,0.312733,0.312733,495940405.2321722,0.6765673800140369,40.35432086292723
2019-01-31,0.307471,0.319995,0.286609,0.319995,754107735.899951,0.715207736434627,41.69802416594255
2019-02-03,0.308474,0.308474,0.306626,0.308302,382674595.81157345,0.6702957777343055,40.13036413488017
2019-02-07,0.301747,0.301747,0.289027,0.289027,475307629.7990475,0.6030679384790023,37.61961199543394
2019-02-11,0.290246,0.310604,0.290246,0.307647,515971971.9183471,0.7074083733731222,41.43170341700856
2019-02-15,0.30153,0.303689,0.299648,0.299648,391017834.8080254,0.6748329817034919,40.29255388899205
2019-02-19,0.300348,0.319815,0.300203,0.319815,996402525.322799,0.7998616872688861,44.44017520494022
2019-02-23,0.321513,0.331449,0.320008,0.321544,602767737.4837847,0.8114054691780823,44.794248608858084
2019-02-27,0.331298,0.331298,0.297177,0.316383,1029935582.5327955,0.7823729005322706,43.895017720401285
2019-02-28,0.310458,0.315128,0.310458,0.313088,827703872.0783693,0.7635878324442524,43.29740874804939
2019-03-07,0.311003,0.314552,0.302543,0.314552,771805588.0731788,0.775076490820205,43.66439952466879
2019-03-11,0.312603,0.313513,0.307458,0.313052,611718278.8352133,0.7653741181199945,43.354783004016554
2019-03-15,0.308845,0.313169,0.308845,0.310864,680828412.8990194,0.7506139680586978,42.87718376262435
2019-03-19,0.314542,0.318493,0.314542,0.314908,893210078.291428,0.7889993188128996,44.10282947097176
2019-03-23,0.316658,0.317424,0.310546,0.310546,951557646.5184699,0.7553205644686705,43.0303489720297
2019-03-27,0.31129,0.31129,0.30119,0.30119,1102652561.92276,0.6875312744660467,40.74183897324149
2019-03-31,0.309969,0.311,0.306956,0.311,1100416818.134314,0.7888741572259065,44.098918531488636
2019-04-03,0.309344,0.351874,0.309344,0.351874,2883366599.3890543,1.2436067366893373,55.42890901301186
2019-04-07,0.341743,0.362111,0.331022,0.353476,1864724985.24907,1.2628003227798101,55.80697112631142
2019-04-11,0.359223,0.359223,0.348685,0.354656,1361509045.762026,1.2780254280431644,56.10233372772291
2019-04-15,0.32986,0.32986,0.325649,0.328244,871876938.7987264,0.9349135674359312,48.31810491022814
2019-04-19,0.319633,0.336402,0.319633,0.336402,1270634053.458099,1.0242160088016257,50.59815772368982
2019-04-23,0.331008,0.331008,0.322881,0.323457,1311614257.7079237,0.8886103707456743,47.05101616035429
2019-04-27,0.321024,0.321024,0.290039,0.299402,1417595418.6346962,0.702483083694291,41.26226512453462
2019-04-30,0.296795,0.296795,0.291809,0.291809,934458146.3621022,0.6557896361415849,39.60585462231441
2019-05-03,0.30672,0.30672,0.300715,0.300715,909268140.8818136,0.739749948267749,42.520475370860645
2019-05-07,0.306139,0.306139,0.300562,0.301148,973493927.3601532,0.7441460115276846,42.66535064205391
2019-05-11,0.297903,0.299766,0.296323,0.299614,1078848959.4386067,0.7318710358553844,42.25898006856542
2019-05-15,0.328317,0.407491,0.309352,0.407491,6817202849.651052,1.9811247977676727,66.45561431212741
2019-05-19,0.458996,0.458996,0.373725,0.373725,2103693649.157987,1.394077567019036,58.23025896169517
2019-05-23,0.416525,0.416525,0.375086,0.375086,2089984806.893093,1.40694003782569,58.45347269625585
2019-05-27,0.379832,0.40808,0.379832,0.40808,1961705855.8250906,1.7427440883047691,63.54016387223066
2019-05-31,0.436674,0.447068,0.423119,0.423119,4047752336.7291055,1.9075810507645363,65.60714963605042
2019-06-03,0.439426,0.445942,0.42954,0.445942,1822417826.270634,2.176978238175062,68.52354895026207
2019-06-07,0.425269,0.425269,0.400012,0.422371,2292525765.235385,1.675077420924397,62.617904357532915
2019-06-11,0.423157,0.423157,0.387051,0.400943,1826034467.6028223,1.3666172895704694,57.74559729589842
2019-06-15,0.392973,0.404907,0.392973,0.404907,1511681420.3548443,1.4033033304822617,58.39060399423931
2019-06-19,0.409932,0.445518,0.409932,0.428744,2771980976.293154,1.6408798305405048,62.1338317466974
2019-06-23,0.436206,0.475669,0.431192,0.475669,4632564299.37837,2.1445437586718294,68.19888426604777
2019-06-27,0.468811,0.473578,0.465671,0.465671,4686624019.381552,1.9223798129649228,65.7813130393396
2019-06-30,0.408621,0.42896,0.408621,0.42896,2524008308.457106,1.36373440732596,57.69406254354618
2019-07-03,0.396437,0.407288,0.396437,0.39883,2060372052.6549523,1.0850389126956395,52.039264403600434
2019-07-07,0.407872,0.407872,0.379429,0.39159,2188947742.3766565,1.0305398470209395,50.75201299461681
2019-07-11,0.395821,0.401873,0.363828,0.363828,3097274139.2750907,0.8535090783049754,46.04828151613398
2019-07-15,0.332173,0.34477,0.306413,0.306413,2105009226.0283072,0.6173224367797355,38.16941030069994
2019-07-19,0.309741,0.322692,0.29786,0.322692,2138625334.6926086,0.7018180618900934,41.23931209841737
2019-07-23,0.320389,0.334612,0.320389,0.322304,1412589495.9376864,0.7002992409900206,41.18682312545541
2019-07-27,0.311015,0.322659,0.311015,0.322659,1936254122.6825924,0.7024316147741914,41.26048933057209
2019-07-31,0.309491,0.317125,0.309491,0.317125,1161116716.9658158,0.6781550182988307,40.41074935891715
2019-08-03,0.319898,0.319898,0.312633,0.312633,1147816423.5689313,0.6582679068369703,39.696113283201036
2019-08-07,0.315813,0.321464,0.313264,0.313264,1412038823.4333668,0.6627041671607875,39.857010059246605
2019-08-11,0.312066,0.312066,0.296666,0.298465,1355558181.3267343,0.5959311770986035,37.34065639233918
2019-08-15,0.303055,0.303055,0.262776,0.262776,2347825616.450723,0.4723320890121709,32.080540289594026
2019-08-19,0.26451,0.282029,0.26103,0.282029,1838892908.0792031,0.5928267695630733,37.21853379735017
2019-08-23,0.282566,0.282566,0.266513,0.271078,1320547723.7097263,0.5520785358183883,35.57027064531147
2019-08-27,0.276145,0.276145,0.268682,0.269654,1434705559.7447586,0.5468151835059037,35.35103542664551
2019-08-31,0.269445,0.269445,0.255831,0.255915,1121182682.8766906,0.4975305894477663,33.22340077415295
2019-09-03,0.257759,0.260357,0.256975,0.260357,1167199958.786681,0.5289124532060725,34.594031338875084
2019-09-07,0.262961,0.262961,0.252131,0.252131,1283660171.6047964,0.4977599116763049,33.233624948554535
2019-09-11,0.259425,0.262063,0.258897,0.258897,1220665019.5928526,0.5499319329544515,35.48103766764656
2019-09-15,0.25574,0.260964,0.254357,0.260964,1325622918.92724,0.567096420002213,36.18771715408629
2019-09-19,0.260762,0.311613,0.260762,0.311613,2973613472.354118,1.020041880266031,50.496075860154725
2019-09-23,0.302523,0.302523,0.279102,0.279102,1515159376.587487,0.7768166714239225,43.71957354505176
2019-09-27,0.268442,0.268442,0.236646,0.242566,1680170207.5249827,0.6028471565110451,37.61101949503885
2019-09-30,0.242223,0.242223,0.239714,0.239714,1547225755.797721,0.5917074220702733,37.174383549752
2019-10-03,0.255268,0.255268,0.252856,0.252856,1547405306.6519043,0.6834063474307706,40.59663600970682
2019-10-07,0.252276,0.254292,0.251875,0.254292,2208847512.736993,0.694196855815207,40.97498194689873
2019-10-11,0.274047,0.28087,0.2714,0.2714,1698702163.3727648,0.8326399801013193,45.433908958773564
2019-10-15,0.26781,0.2959,0.26781,0.2959,1921364554.520583,1.046152289367954,51.12778236516819
2019-10-19,0.288048,0.301255,0.283364,0.294663,2167173025.5896897,1.0341464299580945,50.83933067588448
2019-10-23,0.291488,0.293881,0.290843,0.290843,1670706016.9237754,0.9961281973007989,49.90301718335434
2019-10-27,0.273818,0.29717,0.273818,0.293985,3314773164.477733,1.0286921704673417,50.707159294175526
2019-10-31,0.296754,0.301285,0.294847,0.295127,2302767694.4733005,1.041438407626101,51.014931615651534
2019-11-03,0.294532,0.295297,0.291657,0.295297,1866053018.9913964,1.043481789307217,51.06391428430488
2019-11-07,0.290543,0.309001,0.290543,0.309001,2042708061.1676855,1.220873208226757,54.97266587323803
2019-11-11,0.291733,0.291733,0.276675,0.279822,1952366805.7377975,0.8678605420376873,46.46281253368736
2019-11-15,0.274691,0.274691,0.268565,0.268565,1583946238.0848918,0.7747845598644607,43.65513298828961
2019-11-19,0.261544,0.2634,0.253025,0.253025,1729040725.8239985,0.6682395969250926,40.05657209892363
2019-11-23,0.254341,0.254341,0.231667,0.231667,2268409878.1330075,0.5552291753414921,35.70079472175391
2019-11-27,0.233667,0.233667,0.218693,0.220213,1360148283.0929322,0.5058245642765187,33.59120154342446
2019-11-30,0.224154,0.229207,0.224154,0.229207,1344642297.9359195,0.581069208628101,36.75166181575926
2019-12-03,0.226123,0.226123,0.219585,0.219585,1244090274.1824234,0.5347144163069382,34.84129754861161
2019-12-07,0.219252,0.224691,0.21486,0.224691,1350726087.4848318,0.5803041356429927,36.72104138402948
2019-12-11,0.226568,0.228827,0.22303,0.22303,1226787756.5237048,0.5711816193582825,36.35363425340797
2019-12-15,0.221218,0.221218,0.216165,0.216165,1021876080.0575187,0.5338293476649633,34.80369889112126
2019-12-19,0.217591,0.217591,0.18561,0.195507,1973167348.2621262,0.44048175262753525,30.578780454807358
2019-12-23,0.190036,0.196404,0.190036,0.196404,1245684250.5654864,0.4486586687157877,30.970626718681515
2019-12-27,0.190527,0.190527,0.188722,0.189614,1181611503.3189309,0.4206209632467059,29.608246965848878
2019-12-31,0.190009,0.196265,0.190009,0.193166,1226858692.8538432,0.4558267676751727,31.310508763559014
2020-01-03,0.192993,0.192993,0.187433,0.187433,1082069170.5192986,0.4295414620416487,30.04749938684425
2020-01-07,0.192299,0.218869,0.192299,0.218869,2315410062.424789,0.7700619350900257,43.50480171479764
2020-01-11,0.214023,0.214023,0.203559,0.212674,1715289860.970222,0.7181622731658787,41.79827973073788
2020-01-15,0.211052,0.232869,0.211052,0.232869,2696981092.1720905,0.9547684633880534,48.84304618528707
2020-01-19,0.233003,0.242136,0.228531,0.242136,2424579070.6483755,1.071693116889661,51.730302531421685
2020-01-23,0.235604,0.236853,0.232893,0.234995,1517848018.8288903,0.9769031930911654,49.415833638451474
2020-01-27,0.227249,0.229431,0.220618,0.229431,1612338569.6517098,0.9094093844492189,47.6277843743574
2020-01-31,0.230472,0.242767,0.230472,0.242767,2181535959.948334,1.0877439612864175,52.101406180869795
2020-02-03,0.238427,0.249459,0.238427,0.249459,2640052158.2307854,1.1841158974841204,54.2148838735207
2020-02-07,0.254216,0.28231,0.254216,0.28231,2897162400.397639,1.6935968237845311,62.87491909813772
2020-02-11,0.279585,0.282285,0.274315,0.274315,2336299972.3317795,1.4940893955807382,59.90520621386331
2020-02-15,0.280596,0.333282,0.280596,0.333282,4390704528.584524,2.4297628064574854,70.84346479828807
2020-02-19,0.305462,0.305462,0.289088,0.296577,3811855427.8079524,1.4931917284660072,59.890770188970876
2020-02-23,0.279144,0.279144,0.272341,0.275017,2170573839.236917,1.2004800656481556,54.55537109328695
2020-02-27,0.282839,0.282839,0.232664,0.232664,3277214495.244253,0.8485696900313545,45.9041222306832
2020-02-29,0.236176,0.237176,0.236176,0.237176,2477143911.606179,0.8822012269813027,46.87071787729029
2020-03-03,0.230372,0.239351,0.229177,0.239351,2463124755.610758,0.8996603155677376,47.359009829021076
2020-03-07,0.234579,0.243868,0.234579,0.243868,2329507514.6243596,0.9387081615104068,48.41926083289808
2020-03-11,0.237092,0.237092,0.203846,0.211529,2198016132.888562,0.7214929051523314,41.91088461607618
2020-03-15,0.209856,0.209856,0.13783,0.147404,2154086289.8254404,0.48288349471902703,32.56381883261318
2020-03-19,0.153647,0.153647,0.142336,0.146861,1931411749.8110197,0.481431559652651,32.49772536002483
2020-03-23,0.163014,0.163014,0.150664,0.150664,1876934021.256626,0.5041101477022197,33.51550738969033
2020-03-27,0.158182,0.174144,0.158182,0.174144,2139429595.5853508,0.654900120469756,39.573392518930845
2020-03-31,0.174147,0.17685,0.164477,0.170938,1990274338.689318,0.6406940724737951,39.050185115118595
2020-04-03,0.173926,0.178158,0.173926,0.178158,2346925185.3665543,0.6933026513429922,40.943811833821904
2020-04-07,0.179039,0.194715,0.178102,0.194715,2390554002.134605,0.8232255510310611,45.15215084417366
2020-04-11,0.192699,0.200048,0.188429,0.188429,2101666681.991302,0.7817011054878773,43.873863190640314
2020-04-15,0.188586,0.188586,0.186109,0.186109,1862120141.679969,0.76633714543623,43.38566662747551
2020-04-19,0.181698,0.194106,0.181698,0.194106,1914325546.147416,0.8392973826995673,45.6314128750467
2020-04-23,0.189849,0.189849,0.183133,0.18769,1760936753.9293184,0.7895265486686206,44.11929788110805
2020-04-27,0.190118,0.196931,0.190118,0.196931,1670524318.453444,0.8815075955126465,46.85113138076202
2020-04-30,0.197893,0.226029,0.197893,0.226029,3099767025.4387383,1.1934160887238752,54.40901499989462
2020-05-03,0.2131,0.222928,0.2131,0.222928,2161381421.7909484,1.1521714393243934,53.535300128603204
2020-05-07,0.2194,0.2194,0.213169,0.213169,1917689134.9933252,1.0313684191786496,50.77210069041373
2020-05-11,0.219357,0.219357,0.20087,0.20087,3090382984.656238,0.9028862416040128,47.44825107584659
2020-05-15,0.193888,0.203391,0.193888,0.203391,1981280575.955368,0.930385234391857,48.1968685740058
2020-05-19,0.198477,0.204639,0.198477,0.204639,1746308904.9745858,0.945045546294619,48.58732218867391
2020-05-23,0.204741,0.204741,0.195012,0.199609,1454970548.1993108,0.8885073048753549,47.04812645318299
2020-05-27,0.197549,0.197549,0.194135,0.194135,1392748661.8291106,0.8302914081529493,45.363891479490874
2020-05-31,0.197202,0.205775,0.197202,0.205775,1464684241.188124,0.9803336205790028,49.503457922023074
2020-06-03,0.203269,0.210872,0.203269,0.203286,1737361211.0604463,0.9475926359423307,48.654560427819845
2020-06-07,0.203625,0.20485,0.203139,0.20321,1058657481.0092325,0.9465531079132488,48.62714015175143
2020-06-11,0.202932,0.204054,0.201269,0.2028,1303802102.0559528,0.9405585753733674,48.46844549345294
2020-06-15,0.19011,0.193412,0.19011,0.190386,1150138451.2404819,0.7795752339116131,43.806815191401604
2020-06-19,0.192108,0.193172,0.190417,0.190417,1163790865.0304394,0.7800355219897009,43.821345830098224
2020-06-23,0.187222,0.190035,0.18541,0.190035,1031254003.7220415,0.7752998048604629,43.67148595058855
2020-06-27,0.188292,0.188292,0.18278,0.18278,1282600124.6016247,0.6896618454712257,40.816560267352635
2020-06-30,0.175894,0.177597,0.175894,0.177597,1162669419.6907592,0.6356437931006522,38.86199402228507
2020-07-03,0.175701,0.17674,0.17521,0.17521,907150118.059732,0.6118742522020466,37.960421004686964
2020-07-07,0.17603,0.188389,0.17603,0.188389,1449017121.488291,0.834216353280855,45.48080447482085
2020-07-11,0.184825,0.204336,0.184825,0.198789,1271305899.553482,1.0231708666796449,50.57263741439872
2020-07-15,0.201416,0.201416,0.198606,0.198871,1229683954.1416867,1.0247753029324689,50.61180376154793
2020-07-19,0.19723,0.199471,0.194046,0.199471,977356287.6924582,1.0374181401967488,50.918273462342285
2020-07-23,0.199523,0.203438,0.19467,0.203438,1088497490.0178118,1.127438383271564,52.995113378456345
2020-07-27,0.208187,0.215283,0.204297,0.215283,1517041766.201547,1.4169044961857322,58.62476148403206
2020-07-31,0.223876,0.244359,0.223876,0.244359,1678463250.1292753,2.182116911598227,68.57437901306564
2020-08-03,0.259233,0.291302,0.259233,0.28631,4493672388.136328,3.371096362124631,77.12244441314635
2020-08-07,0.310093,0.310093,0.300684,0.303367,1861387417.2002969,3.8917145830651863,79.55727009376348
2020-08-11,0.293898,0.294189,0.287761,0.294189,2553724778.5855603,2.9897582313344917,74.93582462851337
2020-08-15,0.283983,0.299547,0.28239,0.299547,2173076304.2160726,3.1354663929595996,75.81893056361324
2020-08-19,0.299311,0.31463,0.299311,0.302976,2727046213.8384895,3.235889426912781,76.39220717976049
2020-08-23,0.290127,0.292253,0.279181,0.285439,2079080814.4632735,2.083499866662239,67.56931917488751
2020-08-27,0.285107,0.288989,0.276511,0.276511,1722297777.186539,1.7431510617155457,63.54557304712896
2020-08-31,0.264313,0.282311,0.264313,0.282311,1797744333.9432154,1.8574360658561304,65.00359143817326
2020-09-03,0.282433,0.294619,0.275095,0.275095,2141694657.2245405,1.610786456429232,61.697365269479064
2020-09-07,0.245286,0.255499,0.237125,0.239487,1877164435.4658952,0.9443711087567641,48.569488844163985
2020-09-11,0.241925,0.243001,0.236445,0.243001,1707722753.4164515,0.9883400370599434,49.70679152653141
2020-09-15,0.242456,0.246246,0.242323,0.246197,1606167309.6798735,1.031406140295298,50.77301480172578
2020-09-19,0.243034,0.251881,0.243034,0.250086,1869517172.4901931,1.087841517611946,52.103644286957625
2020-09-23,0.251888,0.251888,0.231657,0.233163,1595971759.2937121,0.8603145844508127,46.24565068949281
2020-09-27,0.220603,0.241482,0.220603,0.241482,1333243982.283363,0.9710395710820285,49.26535140788489
2020-09-30,0.242235,0.242844,0.241701,0.242844,1401216766.162057,0.9905621102655847,49.76293405551772
2020-10-03,0.241345,0.241345,0.234059,0.234059,1493443327.1830103,0.8722746047178703,46.58903146578287
2020-10-07,0.232809,0.25022,0.232809,0.24538,2034209028.9786022,1.0379983995791562,50.93224802303581
2020-10-11,0.248287,0.254195,0.248287,0.254195,1490278457.418809,1.1769639267059475,54.06446621680403
2020-10-15,0.255165,0.256016,0.249603,0.249603,1443292568.1826408,1.0918438770641306,52.19528517570422
2020-10-19,0.245661,0.245661,0.240085,0.242315,1091102779.5805285,0.9717269700559775,49.2830389203628
2020-10-23,0.246074,0.256507,0.243489,0.256507,1809225301.7491198,1.2024354297042177,54.5957176990066
2020-10-27,0.254596,0.256077,0.248573,0.248573,1502596188.4010634,1.05578827791018,51.35685854690474
2020-10-31,0.252613,0.252613,0.238614,0.238614,1536363578.5097647,0.9063635364409409,47.54410788474604
2020-11-03,0.23965,0.23965,0.235407,0.235407,1505085410.319655,0.8639595210745927,46.35076627503749
2020-11-07,0.239451,0.257905,0.237315,0.257905,2223426440.8685336,1.217414573345212,54.90243403192797
2020-11-11,0.248952,0.253683,0.248952,0.25359,2283102329.2928214,1.134583688565737,53.152457532741806
2020-11-15,0.255808,0.26855,0.254477,0.26855,2758537841.0898294,1.38861618783365,58.13475580156108
2020-11-19,0.269745,0.302131,0.269745,0.294145,3536858599.256962,1.8566718514631797,64.9942292291009
2020-11-23,0.30296,0.460546,0.30296,0.4441,13267899387.434443,4.809838841872745,82.78781860879191
2020-11-27,0.612058,0.691962,0.530878,0.530878,16365178183.68151,6.650277615203542,86.92857893140138
2020-11-30,0.558881,0.624039,0.558881,0.605439,9754558134.524963,8.353252115383885,89.30853153893675
2020-12-03,0.664124,0.664124,0.614382,0.632017,7999607157.515091,9.006989620680123,90.00698473861277
2020-12-07,0.629755,0.629755,0.558569,0.618865,7685001707.48096,6.679842617025956,86.97889983079818
2020-12-11,0.608698,0.608698,0.560185,0.574663,6957440057.227358,3.451856369319693,77.53746039760904
2020-12-15,0.55009,0.55009,0.49759,0.49759,4925747725.5478945,1.8096949452788218,64.40894760905212
2020-12-19,0.469022,0.58347,0.469022,0.58347,10572616271.292404,2.3805654234894673,70.41914961764633
2020-12-23,0.579158,0.579158,0.451321,0.451321,11195910016.75438,1.223308063182482,55.02197754059405
2020-12-27,0.260507,0.344804,0.260507,0.295383,7431667092.912673,0.7561721409677559,43.0579738357004
2020-12-31,0.284147,0.284147,0.21207,0.21207,6788558769.855404,0.6199598009355335,38.27007315721688
2021-01-03,0.220535,0.237437,0.220535,0.22187,3622428802.954543,0.6427786516330795,39.12752646219841
2021-01-07,0.225637,0.252385,0.225637,0.252385,5964831226.894267,0.7192970284501803,41.836693517615956
2021-01-11,0.325399,0.329169,0.318687,0.318687,7389910221.259051,0.8983426425269491,47.32247079121261
2021-01-15,0.290345,0.3065,0.290345,0.295977,3830269072.4567375,0.8426874846086392,45.73143800277203
2021-01-19,0.280337,0.284637,0.277046,0.284637,2636794498.898764,0.8155182325543063,44.9193083237137
2021-01-23,0.294511,0.296278,0.269193,0.273186,3735006905.770562,0.7878937692960856,44.068265286605275
2021-01-27,0.271428,0.273592,0.268556,0.268556,1978755667.4820125,0.7764415098399715,43.70768784331752
2021-01-31,0.251898,0.430853,0.251898,0.430853,19414333088.879105,1.325144967619154,56.991928936630735
2021-02-03,0.491648,0.491648,0.369272,0.369272,8890335318.020376,1.082447398555713,51.97957937888118
2021-02-07,0.394891,0.450901,0.394891,0.441977,4764275824.040723,1.3153124208394376,56.80928452681816
2021-02-11,0.418859,0.503505,0.418859,0.503505,9594865064.681908,1.5275378706551015,60.435805468631244
2021-02-15,0.525723,0.629918,0.525723,0.593053,6924719591.747257,1.8601707984044484,65.03705301243366
2021-02-19,0.547923,0.547923,0.522353,0.534009,5131652517.088255,1.5047557485461942,60.0759475018505
2021-02-23,0.570529,0.575937,0.517679,0.575937,15576169123.11184,1.6508711682703434,62.276552253103794
2021-02-27,0.473005,0.473005,0.430094,0.430094,6481821746.793152,1.0669047923096175,51.618477845679
2021-02-28,0.443094,0.447886,0.413828,0.437206,4674293764.747475,1.0854813611372576,52.049439585752104
2021-03-07,0.450648,0.483265,0.450648,0.463974,2805029015.7978253,1.1607777866942326,53.720368371155054
2021-03-11,0.467162,0.486237,0.462906,0.462906,3357543728.4252443,1.1570344347842627,53.64005396140022
2021-03-15,0.453387,0.460946,0.440444,0.443073,2509836806.132479,1.086934625771317,52.082830595117144
2021-03-19,0.437334,0.473533,0.437334,0.472362,3352407082.331825,1.183288984631123,54.197542925406424
2021-03-23,0.46874,0.546672,0.46874,0.546672,7756576662.830204,1.446557404374452,59.12624007055804
2021-03-27,0.553932,0.567437,0.486416,0.567437,5591212650.382159,1.5257834763427998,60.40832441235434
2021-03-31,0.547868,0.566569,0.547868,0.566569,3796053087.5094423,1.5203611287425312,60.32314621123664
2021-04-03,0.573818,0.604497,0.570618,0.604497,4525145344.691889,1.6875931149160859,62.79198683572968
2021-04-07,0.577288,1.098,0.577288,1.098,29325146992.950333,4.030925453550644,80.12294141042705
2021-04-11,0.92214,1.37,0.92214,1.37,23515619924.123764,5.42183111954697,84.42811744213938
2021-04-15,1.35,1.84,1.35,1.84,24111604957.816223,8.010111459551444,88.90135816311218
2021-04-19,1.76,1.76,1.41,1.41,20913023483.11293,2.25627084990884,69.29002389257653
2021-04-23,1.31,1.38,1.17,1.17,16529859712.996859,1.57586750757616,61.17812748292399
2021-04-27,1.17,1.36,1.035,1.36,14255681129.15288,1.8329676092598362,64.70132603241207
2021-04-30,1.4,1.4,1.36,1.4,7019315268.6032095,1.8912575108561347,65.4129735506026
2021-05-03,1.59,1.65,1.56,1.56,6894666499.901233,2.1423524715786537,68.17670808591308
2021-05-07,1.56,1.61,1.39,1.6,14861639652.663086,2.209954961003947,68.84691492097323
2021-05-11,1.58,1.58,1.4,1.4,10555573612.617239,1.6201856620725008,61.83476558645752
2021-05-15,1.48,1.48,1.29,1.41,7123946291.142219,1.6345555514885162,62.04293360088752
2021-05-19,1.48,1.6,1.46,1.6,13934083456.641142,1.9285855964623662,65.85382372951753
2021-05-23,1.086,1.18,0.907339,0.907339,8164115632.892728,0.895198676980272,47.23508346927738
2021-05-27,0.800098,1.033,0.800098,1.033,7008804902.177836,0.9998846515262705,49.99711612183129
2021-05-31,0.971567,0.971567,0.834466,0.90547,4570869242.912308,0.8972278396626375,47.291517703123176
2021-06-03,1.041,1.041,1.011,1.025,3994210155.4317665,1.0008582251972773,50.02144642699991
2021-06-07,1.051,1.051,0.923378,0.941946,2623774416.9185123,0.9288317004947008,48.15514491266796
2021-06-11,0.854522,0.911214,0.854522,0.874816,3598275137.988906,0.8740783098600959,46.64043680892651
2021-06-15,0.847168,0.892814,0.835016,0.892814,3268149002.723709,0.8910985731008689,47.1206834892651
2021-06-19,0.872464,0.872464,0.798327,0.798327,2429585732.7410707,0.812877483268297,44.83907438702492
2021-06-23,0.76146,0.777046,0.551769,0.551769,6329008646.890634,0.6520350074609268,39.468595067066
2021-06-27,0.642618,0.671601,0.611712,0.611712,2672873984.7428856,0.7038409661722876,41.309076383665094
2021-06-30,0.650713,0.706366,0.648856,0.706366,4215461674.407378,0.7919387321552435,44.19452060187036
2021-07-03,0.699653,0.699653,0.654673,0.654673,2075137068.984085,0.7529270015458892,42.95255882771446
2021-07-07,0.674768,0.6969,0.65904,0.66629,1937393189.3106942,0.764849041369803,43.337929955536524
2021-07-11,0.653046,0.653046,0.624761,0.628726,1673959405.818035,0.7343614601180348,42.3418922182494
2021-07-15,0.638508,0.638508,0.619961,0.622705,1930227964.4947252,0.7293431140206922,42.1745753117195
2021-07-19,0.596726,0.596726,0.585264,0.589796,1167325757.066883,0.7011406769701899,41.21591391365432
2021-07-23,0.560138,0.595074,0.532351,0.595074,2245674032.11694,0.7078194107912211,41.44579961550462
2021-07-27,0.609463,0.623984,0.609463,0.623984,3564334796.5071845,0.7472159002354188,42.76608861759668
2021-07-31,0.642263,0.754378,0.642263,0.754378,4070677889.3198047,0.9385761477521534,48.41574827176457
2021-08-03,0.750296,0.750296,0.726965,0.741694,3341261818.620836,0.9201308935347386,47.92021713899328
2021-08-07,0.717038,0.745848,0.717038,0.745848,2823587160.453554,0.9270621197657931,48.10753686956725
2021-08-11,0.81639,0.853818,0.781243,0.853818,4471863525.357776,1.1210753590224394,52.8541031912756
2021-08-15,1.006,1.28,0.965947,1.28,12155352324.285776,1.9457982554539726,66.05334400790827
2021-08-19,1.28,1.28,1.094,1.16,8061965404.006682,1.5565390450369718,60.88461852592052
2021-08-23,1.19,1.26,1.19,1.22,4757633980.348473,1.6642589038219,62.4661102355521
2021-08-27,1.25,1.25,1.096,1.096,4741112858.195668,1.342419541498304,57.30909931871724
2021-08-31,1.18,1.18,1.11,1.11,3388125204.9344516,1.3659326097151874,57.73336924755517
2021-09-03,1.19,1.26,1.19,1.26,5088919871.219462,1.6372372429869166,62.08153048576673
2021-09-07,1.29,1.39,1.25,1.39,7118678175.874282,1.8904549007071973,65.40336956112571
2021-09-11,1.13,1.13,1.054,1.054,5795054546.938835,1.1088920951024863,52.581737001987165
2021-09-15,1.075,1.12,1.069,1.096,3535592613.053136,1.1645455664644317,53.800926370268115
2021-09-19,1.12,1.12,1.068,1.076,2826213578.2064643,1.1322314083816307,53.10077526908758
2021-09-23,1.049,1.049,0.866777,0.99702,5342990578.20909,1.0127229047670856,50.316062005777134
2021-09-27,1.0,1.0,0.940939,0.945767,3744659769.9889674,0.943151329526879,48.537204241139506
2021-09-30,0.922765,0.92816,0.898183,0.92816,4115648364.824045,0.9197751448216073,47.910566365160236
2021-10-03,0.952997,1.041,0.952997,1.04,4306337139.6944275,1.0893216047931107,52.13757433485104
2021-10-07,1.056,1.085,1.044,1.078,4763213321.928321,1.1513598989941947,53.517772620586605
2021-10-11,1.069,1.16,1.061,1.14,5873832688.556178,1.2603664564163415,55.75938595437164
2021-10-15,1.13,1.13,1.1,1.13,4426576203.664879,1.2369459468460984,55.29619294512172
2021-10-19,1.15,1.15,1.081,1.081,4174250709.2106714,1.1264857137361641,52.97405510225444
2021-10-23,1.094,1.14,1.093,1.093,4143499527.4525847,1.150037566786923,53.48918477296988
2021-10-27,1.095,1.11,1.085,1.11,4594057660.506596,1.1859692400310293,54.25370212502143
2021-10-31,0.996837,1.083,0.996837,1.076,4190514902.8476267,1.100778560393138,52.39860026880412
2021-11-03,1.11,1.14,1.093,1.14,4571603615.529947,1.2463929849305773,55.48419147013566
2021-11-07,1.21,1.21,1.15,1.15,3646729112.5295153,1.2708954121363967,55.964506570594224
2021-11-11,1.22,1.29,1.19,1.19,6861365706.089187,1.376444329330695,57.920327118218616
2021-11-15,1.22,1.22,1.19,1.19,2783129146.692004,1.376444329330695,57.920327118218616
2021-11-19,1.18,1.18,1.038,1.038,4952670979.680258,0.9394468305382387,48.43890617395898
2021-11-23,1.091,1.1,1.037,1.037,3053644475.667097,0.9373384072317643,48.38279175867442
2021-11-27,1.067,1.067,0.939511,0.939511,4293632294.1260257,0.7585930529913401,43.13636129182842
2021-11-30,0.941036,0.991379,0.941036,0.991379,3236264412.1393714,0.8678544930840367,46.462639156174944
2021-12-03,0.997649,0.997649,0.97923,0.97923,3089519334.539089,0.8445772254591275,45.7870353055512
2021-12-07,0.921708,0.921708,0.802102,0.824179,3785804089.062999,0.6170917983056734,38.16059168392533
2021-12-11,0.817001,0.866818,0.798799,0.798799,3711198782.3999896,0.5891200416364245,37.072091862221285
2021-12-15,0.837045,0.839876,0.781598,0.811303,3764420162.373208,0.6131698709206184,38.01024814396571
2021-12-19,0.829167,0.82983,0.801571,0.82983,2814179207.0815516,0.6515452623035338,39.4506452335902
2021-12-23,0.836081,0.958127,0.836081,0.958127,4280427620.6701674,0.937731602553542,48.393265678167175
2021-12-27,0.996181,0.996181,0.913803,0.921874,2279713280.89258,0.8626083008559,46.31184669688828
2021-12-31,0.928152,0.928152,0.819779,0.840466,2375836806.16021,0.7226140141292221,41.94869008391889
2022-01-03,0.831398,0.859858,0.831398,0.859858,1750696335.7998545,0.7642469348670545,43.318592185886075
2022-01-07,0.834473,0.834473,0.776787,0.783122,2602668509.463569,0.6490870859886254,39.360388635843236
2022-01-11,0.764415,0.764415,0.741038,0.741038,2640172981.2978945,0.5960418178013998,37.34500005911293
2022-01-15,0.772729,0.802594,0.771567,0.774044,2142880580.93607,0.6650664732745082,39.942337675359774
2022-01-19,0.782683,0.782683,0.752606,0.752606,2140369166.8100421,0.6344350302413475,38.816778795279745
2022-01-23,0.739881,0.739881,0.599405,0.599405,4042933250.3269677,0.4684051993344335,31.898906347290378
2022-01-27,0.629395,0.629395,0.615296,0.62318,3242791082.7998934,0.5121415537304038,33.86862509445412
2022-01-31,0.610206,0.61827,0.604367,0.604367,2120800271.1205068,0.49373964821351585,33.05392936473362
2022-02-03,0.620588,0.630223,0.603217,0.603217,2495342755.8027205,0.49257453211352314,33.00167070491449
2022-02-07,0.609655,0.685234,0.609655,0.685234,1777811138.8311546,0.6738178162407606,40.256341502810194
2022-02-11,0.830039,0.8808,0.830039,0.834511,3983078310.331958,1.0290690747934086,50.71631555461877
2022-02-15,0.761697,0.82453,0.761697,0.803348,3147538928.000717,0.9529592049730634,48.795653413876984
2022-02-19,0.852479,0.852479,0.768509,0.787791,3429752250.87647,0.9165167090077648,47.82200461389515
2022-02-23,0.82511,0.82511,0.705539,0.725938,4599434726.372438,0.7875617569218438,44.057876818645646
2022-02-27,0.701696,0.771248,0.697687,0.751771,4076260609.6079364,0.8508461174596523,45.97065684895873
2022-02-28,0.721099,0.787274,0.721099,0.768214,3731215035.1125417,0.8942258921798956,47.20798590451167
2022-03-07,0.753165,0.75587,0.713188,0.726824,3212597507.684128,0.8001346071090867,44.44859867418788
2022-03-11,0.724152,0.768087,0.720653,0.7378,3914195838.985968,0.830183987037325,45.36068465888037
2022-03-15,0.802187,0.802187,0.761937,0.775149,3789866664.84478,0.9403011662896575,48.4616090855498
2022-03-19,0.766484,0.798457,0.766484,0.798457,3518410195.619233,1.014306972224503,50.355133860473686
2022-03-23,0.818981,0.837981,0.806489,0.837224,3549893085.552186,1.1468654965392522,53.42046338664438
2022-03-27,0.837651,0.842111,0.824421,0.831002,1421460060.3801568,1.1211772515730503,52.85636788446571
2022-03-31,0.853924,0.864055,0.853924,0.860485,2300476564.6465573,1.235477795191075,55.26683368758194
2022-04-03,0.815212,0.827126,0.815212,0.824267,2067165078.9801276,1.0731976186219017,51.76533143691718
2022-04-07,0.842597,0.842597,0.762166,0.762166,3043359043.011921,0.8637104162612899,46.34359548163832
2022-04-11,0.7883,0.7883,0.75496,0.756278,2353543395.1507244,0.8468321045947762,45.85322631591269
2022-04-15,0.695584,0.727567,0.695584,0.727567,2957491995.833695,0.7680190699844319,43.43952409920525
2022-04-19,0.787734,0.787734,0.753739,0.768978,3253728969.0565476,0.9125806271809259,47.71462254775824
2022-04-23,0.775448,0.775448,0.72024,0.72024,2970393681.8864107,0.7712641970190535,43.543148352292754
2022-04-27,0.707359,0.707359,0.642326,0.642326,3080452315.2575903,0.6089266806837782,37.846763808092874
2022-04-30,0.652835,0.652835,0.612456,0.612456,2822183431.598716,0.5602416422463907,35.90736377474012
2022-05-03,0.587811,0.614486,0.587811,0.614486,2835507497.2230244,0.5660932608561811,36.14684227340961
2022-05-07,0.60547,0.647959,0.600474,0.603524,2951960307.5796337,0.5474634027113608,35.378116325861555
2022-05-11,0.583845,0.583845,0.494744,0.51509,4449610449.6001625,0.42573867269817695,29.86091917479355
2022-05-15,0.41669,0.430018,0.387721,0.430018,3004143500.290736,0.34603239271016767,25.707582862359573
2022-05-19,0.448154,0.448154,0.406476,0.406476,2023407675.91126,0.3277459923380741,24.68438950140869
2022-05-23,0.42163,0.422861,0.411493,0.422861,1421121318.9561877,0.3673554815683029,26.86612856131316
2022-05-27,0.405501,0.409202,0.394398,0.394398,2485081450.728108,0.3420123683081447,25.485038467962454
2022-05-31,0.382283,0.418705,0.382283,0.418705,1445550917.8894582,0.40545903514249276,28.84886894632153
2022-06-03,0.424448,0.424448,0.399344,0.405954,1302678375.7464876,0.3914289806952064,28.131437976779438
2022-06-07,0.391418,0.402852,0.391418,0.402852,1246532475.320551,0.38791233837318334,27.949340001391434
2022-06-11,0.408685,0.408685,0.382066,0.382066,1394625551.8777137,0.36429442325922645,26.702038581155122
2022-06-15,0.360067,0.360067,0.311383,0.322955,2039011089.8863053,0.30704267290263887,23.49140385912331
2022-06-19,0.344394,0.344394,0.309331,0.309331,1397757103.8555963,0.2955151240828744,22.810627108045267
2022-06-23,0.325682,0.329144,0.322754,0.322754,1034224812.3256223,0.33535040376529024,25.113288828138437
2022-06-27,0.335517,0.368261,0.335517,0.360323,728876201.2695982,0.4554198753006089,31.291305212287583
2022-06-30,0.353717,0.353717,0.329619,0.329619,1084325830.6370008,0.4118921366207966,29.17305974991926
2022-07-03,0.329248,0.329248,0.315638,0.316486,564976560.4788862,0.3945229275423643,28.290888572025935
2022-07-07,0.322529,0.332556,0.322529,0.332556,1035873113.4054006,0.4500920012917301,31.03885828559787
2022-07-11,0.342401,0.344989,0.325811,0.325811,858123901.9091449,0.4390636299247618,30.510369437084393
2022-07-15,0.314853,0.333636,0.312499,0.333636,3450936786.437814,0.46967601463681397,31.957792735215875
2022-07-19,0.333867,0.364663,0.333867,0.364663,24287013428.885525,0.6003945837835515,37.51540962880145
2022-07-23,0.372256,0.372256,0.358245,0.358245,12852784687.791933,0.5834061668375913,36.845010399497255
2022-07-27,0.360072,0.360072,0.336507,0.33675,28749929057.470314,0.5293797810323544,34.61401723743302
2022-07-31,0.359549,0.387142,0.359549,0.387142,37779483824.23274,0.76317936249013,43.28427264554046
2022-08-03,0.380909,0.380909,0.372144,0.372144,9268365393.484776,0.7099754582222259,41.519628530829976
2022-08-07,0.36978,0.376739,0.36978,0.372425,528474692.2605269,0.7113820709391566,41.56769449786107
2022-08-11,0.372978,0.381882,0.369058,0.381882,1239763218.2306042,0.7623628293558522,43.25799526959483
2022-08-15,0.381038,0.381038,0.377892,0.377892,850831853.8594449,0.7451033769089914,42.69680448551726
2022-08-19,0.376851,0.3819,0.372371,0.372371,988350335.1681571,0.7207868421635145,41.88704983688056
2022-08-23,0.336473,0.347055,0.336473,0.345627,1092232936.3839886,0.6159273102562826,38.1160282611102
2022-08-27,0.347773,0.350098,0.339201,0.339201,1466059795.947098,0.593582275726118,37.24829804947795
2022-08-31,0.337102,0.337102,0.325093,0.327558,866624871.255485,0.554341479989279,35.664072993349095
2022-09-03,0.328043,0.33371,0.328043,0.331388,846287512.8513036,0.5777608625491817,36.61903880767431
2022-09-07,0.330169,0.333174,0.322883,0.322883,1188996326.401049,0.5471188459872564,35.36372447445211
2022-09-11,0.337813,0.357632,0.337813,0.357632,802561442.9660527,0.7804764193569719,43.835257286858365
2022-09-15,0.354473,0.35859,0.333134,0.342298,1106999903.5049818,0.7025641722707616,41.2650626456993
2022-09-19,0.326976,0.375535,0.326976,0.360112,2096753184.2942493,0.8274567462633629,45.279142609272704
2022-09-23,0.3884,0.48706,0.3884,0.48706,4345510563.239003,1.7859426163438452,64.10550618905575
2022-09-27,0.505547,0.505547,0.467585,0.467585,2761704681.577815,1.541796870486493,60.6577531190129
2022-09-30,0.449739,0.485497,0.449739,0.485497,2979531131.3341985,1.6772013269855035,62.64756072245086
2022-10-03,0.480186,0.480186,0.450256,0.450256,1408392767.9237182,1.3032938629095794,56.583915925657244
2022-10-07,0.462617,0.493551,0.462617,0.493551,1784282944.3489885,1.5982470826406163,61.51251331402658
2022-10-11,0.516033,0.534229,0.497324,0.497324,2164911186.1609306,1.6259284083801897,61.9182306414495
2022-10-15,0.485334,0.48872,0.480833,0.48872,2121123366.6408682,1.5224324929573392,60.355727941500454
2022-10-19,0.482027,0.482027,0.466841,0.466841,1309409841.9060183,1.2964435670116492,56.45440565729664
2022-10-23,0.451083,0.465676,0.447586,0.465676,912940134.4613929,1.2855013633034111,56.24592415229966
2022-10-27,0.469278,0.469278,0.452716,0.469048,1565980824.0310557,1.3118099490451567,56.743849103468534
2022-10-31,0.462341,0.472878,0.457505,0.457505,1045064808.3506737,1.1958300373777457,54.45913467901198
2022-11-03,0.465017,0.465017,0.451383,0.451383,1524489627.5072906,1.1383462281858936,53.23488840025832
2022-11-07,0.455103,0.502058,0.455103,0.470863,1031713111.6175143,1.303070043110942,56.579696610129176
2022-11-11,0.466075,0.466075,0.331704,0.398967,3217259210.9583864,0.7874858385384114,44.05550083587356
2022-11-15,0.389626,0.389626,0.341707,0.377545,2595659777.0692306,0.698769111391616,41.13384842624026
2022-11-19,0.390636,0.390636,0.378098,0.384626,986101847.6468065,0.7388725878551531,42.491473671830676
2022-11-23,0.38669,0.38669,0.364375,0.376558,1485466338.8330631,0.7042191876185147,41.32210180091884
2022-11-27,0.383306,0.410613,0.383306,0.398699,693914954.5763754,0.8428284734219966,45.73558991396124
2022-11-30,0.399019,0.399796,0.39159,0.399796,1140526999.0102472,0.8502242946494785,45.952498683979925
2022-12-03,0.411192,0.411192,0.398586,0.398616,888235349.9074985,0.8430020021364347,45.74069920484159
2022-12-07,0.389865,0.392702,0.389865,0.392378,934598154.6602762,0.8041147173299747,44.571152244688506
2022-12-11,0.384478,0.394916,0.384478,0.38776,359503303.73512286,0.7755910701135886,43.68072599418808
2022-12-15,0.382866,0.395014,0.382866,0.386704,1043286573.294691,0.7688746590864368,43.46688190352245
2022-12-19,0.377909,0.377909,0.35071,0.35071,347030394.0865117,0.5834203538612337,36.84557625134349
2022-12-23,0.339214,0.350078,0.339214,0.350078,780045315.5394924,0.580771498062508,36.73975010141173
2022-12-27,0.355158,0.366143,0.346986,0.366143,945058966.0773864,0.7050583176838322,41.35097963344681
2022-12-31,0.367886,0.367886,0.343259,0.345433,798701561.8671073,0.6013046027774189,37.55091952739489
2023-01-03,0.340086,0.34857,0.339066,0.34857,1581447168.2871003,0.6253093821302483,38.47325247767121
2023-01-07,0.343818,0.348149,0.338418,0.34512,801001834.066361,0.6080228886601171,37.81183047504699
2023-01-11,0.344753,0.351625,0.344753,0.351625,917319432.2180703,0.6641567413728786,39.90950641013355
2023-01-15,0.375168,0.39578,0.375168,0.39578,1860485927.2466824,1.0744951051338618,51.795499660363255
2023-01-19,0.38466,0.388346,0.379768,0.379768,1702838567.3220875,0.9260909271991026,48.081371139929125
2023-01-23,0.394196,0.4136,0.394196,0.402307,852878506.6611335,1.1354613989751816,53.17171265751257
2023-01-27,0.426669,0.426669,0.408773,0.411116,1019272806.0485111,1.2235849687269504,55.02757870446834
2023-01-31,0.414002,0.414971,0.396334,0.396334,1441087625.9689953,1.055495755639976,51.34993603094786
2023-02-03,0.407367,0.414853,0.407367,0.41121,1151908009.9087086,1.204378157317552,54.63573268132575
2023-02-07,0.412411,0.412411,0.393766,0.393766,1057791123.2708575,1.0137752052438727,50.342024402922476
2023-02-11,0.404885,0.404885,0.383214,0.383554,1049701311.5898643,0.9218034465269561,47.965542375981286
2023-02-15,0.385275,0.385275,0.372055,0.383228,1276863097.1649044,0.9189373539847357,47.88782458565062
2023-02-19,0.401362,0.401362,0.386923,0.394393,575785061.3648797,1.0336147155038555,50.82647699309962
2023-02-23,0.385606,0.397675,0.385606,0.395359,1391639960.457505,1.0442998692272676,51.08349733554532
2023-02-27,0.389572,0.389572,0.378009,0.378009,540159353.6332139,0.8654359501014819,46.39322781650054
2023-02-28,0.379337,0.384212,0.377828,0.377828,1153758555.8774142,0.8637738340563863,46.34542122401391
2023-03-07,0.379773,0.379773,0.368702,0.37095,1262642327.1752026,0.800832441388027,44.4701252033626
2023-03-11,0.380919,0.389546,0.371984,0.371984,1600399582.4666307,0.8126296525947363,44.83153254342255
2023-03-15,0.366037,0.374893,0.366037,0.374893,1673162184.292314,0.8483723414508921,45.89834647628176
2023-03-19,0.36204,0.380984,0.36204,0.376413,1097398135.405194,0.8684851060503846,46.48070799377116
2023-03-23,0.389287,0.470749,0.377235,0.425218,4517426407.7119665,1.563953156045075,60.997727371021455
2023-03-27,0.44822,0.450798,0.4268,0.450798,1450602336.838315,1.9565059652057044,66.17629012866128
2023-03-31,0.480489,0.545396,0.480489,0.537231,3170922798.8468604,3.3849453630481574,77.19469874295405
2023-04-03,0.538909,0.538909,0.510864,0.520639,1622515475.0157032,2.613249007345818,72.32407736176009
2023-04-07,0.497623,0.506489,0.497623,0.503391,1224093379.5299377,2.081900520780962,67.55248934035686
2023-04-11,0.514189,0.518237,0.505905,0.518237,1057662396.4063251,2.2703756500711036,69.42247292055706
2023-04-15,0.517487,0.523743,0.505475,0.523743,1686463892.485568,2.345653201476825,70.11047051862447
2023-04-19,0.520806,0.531374,0.511424,0.531374,1197384612.3908288,2.458008980164115,71.08162512774791
2023-04-23,0.49094,0.49094,0.449778,0.474017,962045940.8242793,1.2872775653339743,56.279901698157644
2023-04-27,0.465374,0.470112,0.461374,0.461767,1735110890.1994128,1.1601809774130503,53.70758235277299
2023-04-30,0.467124,0.480183,0.467124,0.477759,630278066.5984057,1.298988520378694,56.50261012024201
2023-05-03,0.473067,0.473067,0.465035,0.465035,969292690.3818562,1.1609125410189784,53.72325436510032
2023-05-07,0.463365,0.467826,0.460065,0.460065,652294979.7361903,1.1112266722536004,52.634171728582636
2023-05-11,0.452959,0.452959,0.429675,0.432245,1182617804.2444046,0.8833284139967785,46.9025161746585
2023-05-15,0.422956,0.431633,0.422956,0.426351,386393405.61760443,0.8438429136244664,45.7654449513659
2023-05-19,0.428405,0.460764,0.428405,0.460764,1511866848.49897,1.1249116438247577,52.93921971268231
2023-05-23,0.468877,0.469594,0.458641,0.462352,991756168.2991667,1.138879352829657,53.246544800339606
2023-05-27,0.466039,0.469745,0.454115,0.469745,1052724018.8269242,1.2089086987618944,54.728776225087735
2023-05-31,0.472216,0.522319,0.472216,0.522319,2389465868.2509184,1.7452176777605328,63.573016154559724
2023-06-03,0.519347,0.525913,0.50846,0.525913,1172447803.4803495,1.7847003740732692,64.08949381734493
2023-06-07,0.519972,0.537624,0.512256,0.531714,1788963243.7072139,1.8533307344675716,64.95323910683635
2023-06-11,0.520862,0.538716,0.510823,0.510823,2377566256.8370676,1.4637310389768108,59.41115388896912
